CREATE TABLE alternativa (
    id_alternativa  VARCHAR2(1 CHAR) NOT NULL,
    descripcion     CHAR(30 CHAR),
    valor_logico    CHAR(1 CHAR),
    porcentaje      NUMBER(4),
    id_pregunta     NUMBER(1) NOT NULL,
    id_test         NUMBER(2) NOT NULL
);

ALTER TABLE alternativa ADD CONSTRAINT alternativa_pk PRIMARY KEY ( id_alternativa );
ALTER TABLE alternativa MODIFY id_Alternativa varchar2 (3);
ALTER TABLE alternativa MODIFY id_pregunta number (2);
ALTER TABLE alternativa MODIFY descripcion char (60);
ALTER TABLE alternativa ADD alternativa_pregunta numeric(2);
CREATE TABLE alumno (
    id_alumno   NUMBER(2) NOT NULL,
    nombre      VARCHAR2(30 CHAR),
    id_curso    NUMBER(1) NOT NULL,
    rut_alumno  NUMBER(10)
);

ALTER TABLE alumno ADD CONSTRAINT alumno_pk PRIMARY KEY ( id_alumno );

CREATE TABLE curso (
    id_curso          NUMBER(1) NOT NULL,
    cantidad_alumnos  NUMBER(2)
);

ALTER TABLE curso ADD CONSTRAINT curso_pk PRIMARY KEY ( id_curso );
ALTER TABLE curso ADD programa VARCHAR2(40 CHAR);

CREATE TABLE nota (
    id_nota           NUMBER(2) NOT NULL,
    puntaje_total     NUMBER(3),
    nota              NUMBER(4),
    alumno_id_alumno  NUMBER(2) NOT NULL,
    test_id_test      NUMBER(2) NOT NULL,
    curso_id_curso    NUMBER(1) NOT NULL
);

CREATE UNIQUE INDEX nota__idx ON
    nota (
        test_id_test
    ASC );

ALTER TABLE nota ADD CONSTRAINT nota_pk PRIMARY KEY ( id_nota );
ALTER TABLE nota ADD programa VARCHAR2 (40 CHAR);
ALTER TABLE nota ADD nombre_Alumno VARCHAR2(40 CHAR);
ALTER TABLE nota DROP COLUMN id_test;
ALTER TABLE nota DROP COLUMN id_curso;
ALTER TABLE nota DROP COLUMN id_alumno;
CREATE TABLE pregunta (
    id_pregunta  NUMBER(1) NOT NULL,
    enunciado    VARCHAR2(50 CHAR),
    puntaje      NUMBER(3),
    id_test      NUMBER(2) NOT NULL
);

CREATE TABLE respuesta (
    correcta_incorrecta  VARCHAR2(10 CHAR),
    id_respuesta         NUMBER(1) NOT NULL,
    id_pregunta          NUMBER(1) NOT NULL,
    id_test              NUMBER(2) NOT NULL,
    id_alternativa       VARCHAR2(1 CHAR) NOT NULL
);

ALTER TABLE respuesta RENAME COLUMN correcta_incorrecta TO Respuestas_Alumno;
ALTER TABLE respuesta RENAME COLUMN Respuestas_Alumno TO Respuesta_Alumno;
ALTER TABLE respuesta RENAME COLUMN Respuestas_Alumno TO nombre_alumno;
ALTER TABLE respuesta ADD id_alumno NUMBER (2);
ALTER TABLE respuesta DROP COLUMN id_respuesta;
ALTER TABLE respuesta ADD programa VARCHAR2 (40 CHAR);
ALTER TABLE respuesta DROP COLUMN id_alternativa;
ALTER TABLE respuesta MODIFY id_pregunta NUMBER(2);
CREATE UNIQUE INDEX respuesta__idx ON
    respuesta (
        id_alternativa
    ASC );

ALTER TABLE respuesta ADD CONSTRAINT respuesta_pk PRIMARY KEY ( id_respuesta );

CREATE TABLE test (
    id_test         NUMBER(2) NOT NULL,
    nombre          VARCHAR2(30 CHAR),
    descripcion     VARCHAR2(50 CHAR),
    programa        VARCHAR2(40 CHAR),
    unidad          VARCHAR2(30 CHAR),
    autor           VARCHAR2(30 CHAR),
    fecha_creacion  NUMBER(8),
    id_alumno       NUMBER(2) NOT NULL
);

ALTER TABLE test ADD CONSTRAINT test_pk PRIMARY KEY ( id_test );
ALTER TABLE test DROP COLUMN id_alumno;

ALTER TABLE alternativa
    ADD CONSTRAINT alternativa_pregunta_fk FOREIGN KEY ( id_pregunta )
        REFERENCES pregunta ( id_pregunta );

ALTER TABLE alternativa
    ADD CONSTRAINT alternativa_test_fk FOREIGN KEY ( id_test )
        REFERENCES test ( id_test );

ALTER TABLE alumno
    ADD CONSTRAINT alumno_curso_fk FOREIGN KEY ( id_curso )
        REFERENCES curso ( id_curso );

ALTER TABLE nota
    ADD CONSTRAINT nota_alumno_fk FOREIGN KEY ( alumno_id_alumno )
        REFERENCES alumno ( id_alumno );

ALTER TABLE nota
    ADD CONSTRAINT nota_curso_fk FOREIGN KEY ( curso_id_curso )
        REFERENCES curso ( id_curso );

ALTER TABLE nota
    ADD CONSTRAINT nota_test_fk FOREIGN KEY ( test_id_test )
        REFERENCES test ( id_test );

ALTER TABLE pregunta
    ADD CONSTRAINT pregunta_test_fk FOREIGN KEY ( id_test )
        REFERENCES test ( id_test );

ALTER TABLE respuesta
    ADD CONSTRAINT respuesta_alternativa_fk FOREIGN KEY ( id_alternativa )
        REFERENCES alternativa ( id_alternativa );

ALTER TABLE respuesta
    ADD CONSTRAINT respuesta_pregunta_fk FOREIGN KEY ( id_pregunta )
        REFERENCES pregunta ( id_pregunta );

ALTER TABLE respuesta
    ADD CONSTRAINT respuesta_test_fk FOREIGN KEY ( id_test )
        REFERENCES test ( id_test );

ALTER TABLE test
    ADD CONSTRAINT test_alumno_fk FOREIGN KEY ( id_alumno )
        REFERENCES alumno ( id_alumno );
        
INSERT INTO "PRUEBAINDIVIDUAL"."CURSO" (ID_CURSO, CANTIDAD_ALUMNOS) VALUES ('1', '10');
INSERT INTO "PRUEBAINDIVIDUAL"."CURSO" (ID_CURSO, CANTIDAD_ALUMNOS) VALUES ('2', '10');
INSERT INTO "PRUEBAINDIVIDUAL"."ALUMNO" (ID_ALUMNO, NOMBRE, ID_CURSO, RUT_ALUMNO) VALUES ('1', 'Rene Perez', '1', '167890018');
INSERT INTO "PRUEBAINDIVIDUAL"."ALUMNO" (ID_ALUMNO, NOMBRE, ID_CURSO, RUT_ALUMNO) VALUES ('2', 'Elizabeth Valdebenito', '1', '156784319');
INSERT INTO "PRUEBAINDIVIDUAL"."ALUMNO" (ID_ALUMNO, NOMBRE, ID_CURSO, RUT_ALUMNO) VALUES ('3', 'Melissa Vergara', '1', '179874356');
INSERT INTO "PRUEBAINDIVIDUAL"."ALUMNO" (ID_ALUMNO, NOMBRE, ID_CURSO, RUT_ALUMNO) VALUES ('4', 'Christian Paredes', '1', '168543211');
INSERT INTO "PRUEBAINDIVIDUAL"."ALUMNO" (ID_ALUMNO, NOMBRE, ID_CURSO, RUT_ALUMNO) VALUES ('5', 'Fabian Mendez', '1', '157804002');
INSERT INTO "PRUEBAINDIVIDUAL"."ALUMNO" (ID_ALUMNO, NOMBRE, ID_CURSO, RUT_ALUMNO) VALUES ('6', 'Camilo Andrade', '1', '163216674');
INSERT INTO "PRUEBAINDIVIDUAL"."ALUMNO" (ID_ALUMNO, NOMBRE, ID_CURSO, RUT_ALUMNO) VALUES ('7', 'Carla Matos', '1', '165472893');
INSERT INTO "PRUEBAINDIVIDUAL"."ALUMNO" (ID_ALUMNO, NOMBRE, ID_CURSO, RUT_ALUMNO) VALUES ('8', 'Ariel Abarca', '1', '169003115');
INSERT INTO "PRUEBAINDIVIDUAL"."ALUMNO" (ID_ALUMNO, NOMBRE, ID_CURSO, RUT_ALUMNO) VALUES ('9', 'Angelica Poblete', '1', '165001147');
INSERT INTO "PRUEBAINDIVIDUAL"."ALUMNO" (ID_ALUMNO, NOMBRE, ID_CURSO, RUT_ALUMNO) VALUES ('0', 'Carlos Valdivia', '1', '165789610');
INSERT INTO "PRUEBAINDIVIDUAL"."ALUMNO" (ID_ALUMNO, NOMBRE, ID_CURSO, RUT_ALUMNO) VALUES ('11', 'Andrea Salas', '2', '154312330');
INSERT INTO "PRUEBAINDIVIDUAL"."ALUMNO" (ID_ALUMNO, NOMBRE, ID_CURSO, RUT_ALUMNO) VALUES ('12', 'Fabian Aravena', '2', '167809113');
INSERT INTO "PRUEBAINDIVIDUAL"."ALUMNO" (ID_ALUMNO, NOMBRE, ID_CURSO, RUT_ALUMNO) VALUES ('13', 'Mario Vidal', '2', '164213362');
INSERT INTO "PRUEBAINDIVIDUAL"."ALUMNO" (ID_ALUMNO, NOMBRE, ID_CURSO, RUT_ALUMNO) VALUES ('14', 'Claudia Rodriguez', '2', '162345781');
INSERT INTO "PRUEBAINDIVIDUAL"."ALUMNO" (ID_ALUMNO, NOMBRE, ID_CURSO, RUT_ALUMNO) VALUES ('15', 'Carolina Poblete', '2', '162115005');
INSERT INTO "PRUEBAINDIVIDUAL"."ALUMNO" (ID_ALUMNO, NOMBRE, ID_CURSO, RUT_ALUMNO) VALUES ('16', 'Marco Carmona', '2', '167119004');
INSERT INTO "PRUEBAINDIVIDUAL"."ALUMNO" (ID_ALUMNO, NOMBRE, ID_CURSO, RUT_ALUMNO) VALUES ('17', 'Juan Bravo', '2', '163115667');
INSERT INTO "PRUEBAINDIVIDUAL"."ALUMNO" (ID_ALUMNO, NOMBRE, ID_CURSO, RUT_ALUMNO) VALUES ('18', 'Catalina Lopez', '2', '162117806');
INSERT INTO "PRUEBAINDIVIDUAL"."ALUMNO" (ID_ALUMNO, NOMBRE, ID_CURSO, RUT_ALUMNO) VALUES ('19', 'Sebastian Gallardo', '2', '157609118');
INSERT INTO "PRUEBAINDIVIDUAL"."ALUMNO" (ID_ALUMNO, NOMBRE, ID_CURSO, RUT_ALUMNO) VALUES ('20', 'Nicole Hernandez', '2', '150214309');
INSERT INTO "PRUEBAINDIVIDUAL"."TEST" (ID_TEST, NOMBRE, DESCRIPCION, PROGRAMA, UNIDAD, AUTOR, FECHA_CREACION) VALUES ('1', 'Prueba Java', 'Seleccion Multiple', 'Desarrollador Full Stack Java', '1', 'Aquiles Baesa', '28012020');
INSERT INTO "PRUEBAINDIVIDUAL"."TEST" (ID_TEST, DESCRIPCION, PROGRAMA, UNIDAD, AUTOR, FECHA_CREACION) VALUES ('2', 'Seleccion Multiple', 'Desarrollador Aplicaciones Andoriod', '2', 'Zoila Sorda', '20022020');
ALTER TABLE nota RENAME COLUMN alumno_id_alumno TO id_alumno;
ALTER TABLE nota RENAME COLUMN test_id_test TO id_test;
ALTER TABLE nota RENAME COLUMN curso_id_curso TO id_curso;
ALTER TABLE pregunta ADD CONSTRAINT pregunta_pk PRIMARY KEY ( id_pregunta );
ALTER TABLE pregunta MODIFY id_pregunta number (2);
INSERT INTO "PRUEBAINDIVIDUAL"."ALTERNATIVA" (ID_ALTERNATIVA, VALOR_LOGICO, ID_PREGUNTA, ID_TEST) VALUES ('1', 'V', '1', '1');
INSERT INTO "PRUEBAINDIVIDUAL"."ALTERNATIVA" (ID_ALTERNATIVA, VALOR_LOGICO, ID_PREGUNTA, ID_TEST) VALUES ('2', 'F', '1', '1');
INSERT INTO "PRUEBAINDIVIDUAL"."ALTERNATIVA" (ID_ALTERNATIVA, VALOR_LOGICO, ID_PREGUNTA, ID_TEST) VALUES ('3', 'F', '1', '1');
INSERT INTO "PRUEBAINDIVIDUAL"."ALTERNATIVA" (ID_ALTERNATIVA, VALOR_LOGICO, ID_PREGUNTA, ID_TEST) VALUES ('4', 'V', '1', '1');
INSERT INTO "PRUEBAINDIVIDUAL"."ALTERNATIVA" (ID_ALTERNATIVA, VALOR_LOGICO, ID_PREGUNTA, ID_TEST) VALUES ('5', 'V', '2', '1');
INSERT INTO "PRUEBAINDIVIDUAL"."ALTERNATIVA" (ID_ALTERNATIVA, VALOR_LOGICO, ID_PREGUNTA, ID_TEST) VALUES ('6', 'F', '2', '1');
INSERT INTO "PRUEBAINDIVIDUAL"."ALTERNATIVA" (ID_ALTERNATIVA, VALOR_LOGICO, ID_PREGUNTA, ID_TEST) VALUES ('7', 'F', '2', '1');
INSERT INTO "PRUEBAINDIVIDUAL"."ALTERNATIVA" (ID_ALTERNATIVA, VALOR_LOGICO, ID_PREGUNTA, ID_TEST) VALUES ('8', 'F', '2', '1');
INSERT INTO "PRUEBAINDIVIDUAL"."ALTERNATIVA" (ID_ALTERNATIVA, VALOR_LOGICO, ID_PREGUNTA, ID_TEST) VALUES ('9', 'F', '3', '1');
INSERT INTO "PRUEBAINDIVIDUAL"."ALTERNATIVA" (ID_ALTERNATIVA, VALOR_LOGICO, ID_PREGUNTA, ID_TEST) VALUES ('10', 'V', '3', '1');
INSERT INTO "PRUEBAINDIVIDUAL"."ALTERNATIVA" (ID_ALTERNATIVA, VALOR_LOGICO, ID_PREGUNTA, ID_TEST) VALUES ('11', 'F', '3', '1');
INSERT INTO "PRUEBAINDIVIDUAL"."ALTERNATIVA" (ID_ALTERNATIVA, VALOR_LOGICO, ID_PREGUNTA, ID_TEST) VALUES ('12', 'F', '3', '1');
INSERT INTO "PRUEBAINDIVIDUAL"."ALTERNATIVA" (ID_ALTERNATIVA, VALOR_LOGICO, ID_PREGUNTA, ID_TEST) VALUES ('13', 'V', '4', '1');
INSERT INTO "PRUEBAINDIVIDUAL"."ALTERNATIVA" (ID_ALTERNATIVA, VALOR_LOGICO, ID_PREGUNTA, ID_TEST) VALUES ('14', 'F', '4', '1');
INSERT INTO "PRUEBAINDIVIDUAL"."ALTERNATIVA" (ID_ALTERNATIVA, VALOR_LOGICO, ID_PREGUNTA, ID_TEST) VALUES ('15', 'F', '4', '1');
INSERT INTO "PRUEBAINDIVIDUAL"."ALTERNATIVA" (ID_ALTERNATIVA, VALOR_LOGICO, ID_PREGUNTA, ID_TEST) VALUES ('16', 'V', '4', '1');
INSERT INTO "PRUEBAINDIVIDUAL"."ALTERNATIVA" (ID_ALTERNATIVA, VALOR_LOGICO, ID_PREGUNTA, ID_TEST) VALUES ('17', 'V', '5', '1');
INSERT INTO "PRUEBAINDIVIDUAL"."ALTERNATIVA" (ID_ALTERNATIVA, VALOR_LOGICO, ID_PREGUNTA, ID_TEST) VALUES ('18', 'F', '5', '1');
INSERT INTO "PRUEBAINDIVIDUAL"."ALTERNATIVA" (ID_ALTERNATIVA, VALOR_LOGICO, ID_PREGUNTA, ID_TEST) VALUES ('19', 'V', '5', '1');
INSERT INTO "PRUEBAINDIVIDUAL"."ALTERNATIVA" (ID_ALTERNATIVA, VALOR_LOGICO, ID_PREGUNTA, ID_TEST) VALUES ('20', 'F', '5', '1');
INSERT INTO "PRUEBAINDIVIDUAL"."ALTERNATIVA" (ID_ALTERNATIVA, VALOR_LOGICO, ID_PREGUNTA, ID_TEST) VALUES ('21', 'V', '6', '1');
INSERT INTO "PRUEBAINDIVIDUAL"."ALTERNATIVA" (ID_ALTERNATIVA, VALOR_LOGICO, ID_PREGUNTA, ID_TEST) VALUES ('22', 'F', '6', '1');
INSERT INTO "PRUEBAINDIVIDUAL"."ALTERNATIVA" (ID_ALTERNATIVA, VALOR_LOGICO, ID_PREGUNTA, ID_TEST) VALUES ('23', 'V', '6', '1');
INSERT INTO "PRUEBAINDIVIDUAL"."ALTERNATIVA" (ID_ALTERNATIVA, VALOR_LOGICO, ID_PREGUNTA, ID_TEST) VALUES ('24', 'F', '6', '1');
INSERT INTO "PRUEBAINDIVIDUAL"."ALTERNATIVA" (ID_ALTERNATIVA, VALOR_LOGICO, ID_PREGUNTA, ID_TEST) VALUES ('25', 'V', '7', '1');
INSERT INTO "PRUEBAINDIVIDUAL"."ALTERNATIVA" (ID_ALTERNATIVA, VALOR_LOGICO, ID_PREGUNTA, ID_TEST) VALUES ('26', 'F', '7', '1');
INSERT INTO "PRUEBAINDIVIDUAL"."ALTERNATIVA" (ID_ALTERNATIVA, VALOR_LOGICO, ID_PREGUNTA, ID_TEST) VALUES ('27', 'F', '7', '1');
INSERT INTO "PRUEBAINDIVIDUAL"."ALTERNATIVA" (ID_ALTERNATIVA, VALOR_LOGICO, ID_PREGUNTA, ID_TEST) VALUES ('28', 'F', '7', '1');
INSERT INTO "PRUEBAINDIVIDUAL"."ALTERNATIVA" (ID_ALTERNATIVA, VALOR_LOGICO, ID_PREGUNTA, ID_TEST) VALUES ('29', 'V', '8', '1');
INSERT INTO "PRUEBAINDIVIDUAL"."ALTERNATIVA" (ID_ALTERNATIVA, VALOR_LOGICO, ID_PREGUNTA, ID_TEST) VALUES ('30', 'F', '8', '1');
INSERT INTO "PRUEBAINDIVIDUAL"."ALTERNATIVA" (ID_ALTERNATIVA, VALOR_LOGICO, ID_PREGUNTA, ID_TEST) VALUES ('31', 'V', '8', '1');
INSERT INTO "PRUEBAINDIVIDUAL"."ALTERNATIVA" (ID_ALTERNATIVA, VALOR_LOGICO, ID_PREGUNTA, ID_TEST) VALUES ('32', 'F', '8', '1');
INSERT INTO "PRUEBAINDIVIDUAL"."ALTERNATIVA" (ID_ALTERNATIVA, VALOR_LOGICO, ID_PREGUNTA, ID_TEST) VALUES ('33', 'F', '9', '1');
INSERT INTO "PRUEBAINDIVIDUAL"."ALTERNATIVA" (ID_ALTERNATIVA, VALOR_LOGICO, ID_PREGUNTA, ID_TEST) VALUES ('34', 'F', '9', '1');
INSERT INTO "PRUEBAINDIVIDUAL"."ALTERNATIVA" (ID_ALTERNATIVA, VALOR_LOGICO, ID_PREGUNTA, ID_TEST) VALUES ('35', 'F', '9', '1');
INSERT INTO "PRUEBAINDIVIDUAL"."ALTERNATIVA" (ID_ALTERNATIVA, VALOR_LOGICO, ID_PREGUNTA, ID_TEST) VALUES ('36', 'V', '9', '1');
INSERT INTO "PRUEBAINDIVIDUAL"."ALTERNATIVA" (ID_ALTERNATIVA, VALOR_LOGICO, ID_PREGUNTA, ID_TEST) VALUES ('37', 'V', '10', '1');
INSERT INTO "PRUEBAINDIVIDUAL"."ALTERNATIVA" (ID_ALTERNATIVA, VALOR_LOGICO, ID_PREGUNTA, ID_TEST) VALUES ('38', 'F', '10', '1');
INSERT INTO "PRUEBAINDIVIDUAL"."ALTERNATIVA" (ID_ALTERNATIVA, VALOR_LOGICO, ID_PREGUNTA, ID_TEST) VALUES ('39', 'F', '10', '1');
INSERT INTO "PRUEBAINDIVIDUAL"."ALTERNATIVA" (ID_ALTERNATIVA, VALOR_LOGICO, ID_PREGUNTA, ID_TEST) VALUES ('40', 'F', '10', '1');
INSERT INTO "PRUEBAINDIVIDUAL"."ALTERNATIVA" (ID_ALTERNATIVA, VALOR_LOGICO, ID_PREGUNTA, ID_TEST) VALUES ('41', 'V', '1', '2');
INSERT INTO "PRUEBAINDIVIDUAL"."ALTERNATIVA" (ID_ALTERNATIVA, VALOR_LOGICO, ID_PREGUNTA, ID_TEST) VALUES ('42', 'F', '1', '2');
INSERT INTO "PRUEBAINDIVIDUAL"."ALTERNATIVA" (ID_ALTERNATIVA, VALOR_LOGICO, ID_PREGUNTA, ID_TEST) VALUES ('43', 'V', '1', '2');
INSERT INTO "PRUEBAINDIVIDUAL"."ALTERNATIVA" (ID_ALTERNATIVA, VALOR_LOGICO, ID_PREGUNTA, ID_TEST) VALUES ('44', 'F', '1', '2');
INSERT INTO "PRUEBAINDIVIDUAL"."ALTERNATIVA" (ID_ALTERNATIVA, VALOR_LOGICO, ID_PREGUNTA, ID_TEST) VALUES ('45', 'V', '2', '2');
INSERT INTO "PRUEBAINDIVIDUAL"."ALTERNATIVA" (ID_ALTERNATIVA, VALOR_LOGICO, ID_PREGUNTA, ID_TEST) VALUES ('46', 'F', '2', '2');
INSERT INTO "PRUEBAINDIVIDUAL"."ALTERNATIVA" (ID_ALTERNATIVA, VALOR_LOGICO, ID_PREGUNTA, ID_TEST) VALUES ('47', 'F', '2', '2');
INSERT INTO "PRUEBAINDIVIDUAL"."ALTERNATIVA" (ID_ALTERNATIVA, VALOR_LOGICO, ID_PREGUNTA, ID_TEST) VALUES ('48', 'V', '2', '2');
INSERT INTO "PRUEBAINDIVIDUAL"."ALTERNATIVA" (ID_ALTERNATIVA, VALOR_LOGICO, ID_PREGUNTA, ID_TEST) VALUES ('49', 'F', '3', '2');
INSERT INTO "PRUEBAINDIVIDUAL"."ALTERNATIVA" (ID_ALTERNATIVA, VALOR_LOGICO, ID_PREGUNTA, ID_TEST) VALUES ('50', 'V', '3', '2');
INSERT INTO "PRUEBAINDIVIDUAL"."ALTERNATIVA" (ID_ALTERNATIVA, VALOR_LOGICO, ID_PREGUNTA, ID_TEST) VALUES ('51', 'F', '3', '2');
INSERT INTO "PRUEBAINDIVIDUAL"."ALTERNATIVA" (ID_ALTERNATIVA, VALOR_LOGICO, ID_PREGUNTA, ID_TEST) VALUES ('52', 'F', '3', '2');
INSERT INTO "PRUEBAINDIVIDUAL"."ALTERNATIVA" (ID_ALTERNATIVA, VALOR_LOGICO, ID_PREGUNTA, ID_TEST) VALUES ('53', 'V', '4', '2');
INSERT INTO "PRUEBAINDIVIDUAL"."ALTERNATIVA" (ID_ALTERNATIVA, VALOR_LOGICO, ID_PREGUNTA, ID_TEST) VALUES ('54', 'V', '4', '2');
INSERT INTO "PRUEBAINDIVIDUAL"."ALTERNATIVA" (ID_ALTERNATIVA, VALOR_LOGICO, ID_PREGUNTA, ID_TEST) VALUES ('55', 'F', '4', '2');
INSERT INTO "PRUEBAINDIVIDUAL"."ALTERNATIVA" (ID_ALTERNATIVA, VALOR_LOGICO, ID_PREGUNTA, ID_TEST) VALUES ('56', 'F', '4', '2');
INSERT INTO "PRUEBAINDIVIDUAL"."ALTERNATIVA" (ID_ALTERNATIVA, VALOR_LOGICO, ID_PREGUNTA, ID_TEST) VALUES ('57', 'V', '5', '2');
INSERT INTO "PRUEBAINDIVIDUAL"."ALTERNATIVA" (ID_ALTERNATIVA, VALOR_LOGICO, ID_PREGUNTA, ID_TEST) VALUES ('58', 'F', '5', '2');
INSERT INTO "PRUEBAINDIVIDUAL"."ALTERNATIVA" (ID_ALTERNATIVA, VALOR_LOGICO, ID_PREGUNTA, ID_TEST) VALUES ('59', 'F', '5', '2');
INSERT INTO "PRUEBAINDIVIDUAL"."ALTERNATIVA" (ID_ALTERNATIVA, VALOR_LOGICO, ID_PREGUNTA, ID_TEST) VALUES ('60', 'F', '5', '2');
INSERT INTO "PRUEBAINDIVIDUAL"."ALTERNATIVA" (ID_ALTERNATIVA, VALOR_LOGICO, ID_PREGUNTA, ID_TEST) VALUES ('61', 'V', '6', '2');
INSERT INTO "PRUEBAINDIVIDUAL"."ALTERNATIVA" (ID_ALTERNATIVA, VALOR_LOGICO, ID_PREGUNTA, ID_TEST) VALUES ('62', 'F', '6', '2');
INSERT INTO "PRUEBAINDIVIDUAL"."ALTERNATIVA" (ID_ALTERNATIVA, VALOR_LOGICO, ID_PREGUNTA, ID_TEST) VALUES ('63', 'F', '6', '2');
INSERT INTO "PRUEBAINDIVIDUAL"."ALTERNATIVA" (ID_ALTERNATIVA, VALOR_LOGICO, ID_PREGUNTA, ID_TEST) VALUES ('64', 'F', '6', '2');
INSERT INTO "PRUEBAINDIVIDUAL"."ALTERNATIVA" (ID_ALTERNATIVA, VALOR_LOGICO, ID_PREGUNTA, ID_TEST) VALUES ('65', 'V', '7', '2');
INSERT INTO "PRUEBAINDIVIDUAL"."ALTERNATIVA" (ID_ALTERNATIVA, VALOR_LOGICO, ID_PREGUNTA, ID_TEST) VALUES ('66', 'F', '7', '2');
INSERT INTO "PRUEBAINDIVIDUAL"."ALTERNATIVA" (ID_ALTERNATIVA, VALOR_LOGICO, ID_PREGUNTA, ID_TEST) VALUES ('67', 'V', '7', '2');
INSERT INTO "PRUEBAINDIVIDUAL"."ALTERNATIVA" (ID_ALTERNATIVA, VALOR_LOGICO, ID_PREGUNTA, ID_TEST) VALUES ('68', 'F', '7', '2');
INSERT INTO "PRUEBAINDIVIDUAL"."ALTERNATIVA" (ID_ALTERNATIVA, VALOR_LOGICO, ID_PREGUNTA, ID_TEST) VALUES ('69', 'F', '8', '2');
INSERT INTO "PRUEBAINDIVIDUAL"."ALTERNATIVA" (ID_ALTERNATIVA, VALOR_LOGICO, ID_PREGUNTA, ID_TEST) VALUES ('70', 'V', '8', '2');
INSERT INTO "PRUEBAINDIVIDUAL"."ALTERNATIVA" (ID_ALTERNATIVA, VALOR_LOGICO, ID_PREGUNTA, ID_TEST) VALUES ('71', 'F', '8', '2');
INSERT INTO "PRUEBAINDIVIDUAL"."ALTERNATIVA" (ID_ALTERNATIVA, VALOR_LOGICO, ID_PREGUNTA, ID_TEST) VALUES ('72', 'V', '8', '2');
INSERT INTO "PRUEBAINDIVIDUAL"."ALTERNATIVA" (ID_ALTERNATIVA, VALOR_LOGICO, ID_PREGUNTA, ID_TEST) VALUES ('73', 'F', '9', '2');
INSERT INTO "PRUEBAINDIVIDUAL"."ALTERNATIVA" (ID_ALTERNATIVA, VALOR_LOGICO, ID_PREGUNTA, ID_TEST) VALUES ('74', 'V', '9', '2');
INSERT INTO "PRUEBAINDIVIDUAL"."ALTERNATIVA" (ID_ALTERNATIVA, VALOR_LOGICO, ID_PREGUNTA, ID_TEST) VALUES ('75', 'F', '9', '2');
INSERT INTO "PRUEBAINDIVIDUAL"."ALTERNATIVA" (ID_ALTERNATIVA, VALOR_LOGICO, ID_PREGUNTA, ID_TEST) VALUES ('76', 'F', '9', '2');
INSERT INTO "PRUEBAINDIVIDUAL"."ALTERNATIVA" (ID_ALTERNATIVA, VALOR_LOGICO, ID_PREGUNTA, ID_TEST) VALUES ('77', 'F', '10', '2');
INSERT INTO "PRUEBAINDIVIDUAL"."ALTERNATIVA" (ID_ALTERNATIVA, VALOR_LOGICO, ID_PREGUNTA, ID_TEST) VALUES ('78', 'F', '10', '2');
INSERT INTO "PRUEBAINDIVIDUAL"."ALTERNATIVA" (ID_ALTERNATIVA, VALOR_LOGICO, ID_PREGUNTA, ID_TEST) VALUES ('79', 'V', '10', '2');
INSERT INTO "PRUEBAINDIVIDUAL"."ALTERNATIVA" (ID_ALTERNATIVA, VALOR_LOGICO, ID_PREGUNTA, ID_TEST) VALUES ('80', 'F', '10', '2');
INSERT INTO "PRUEBAINDIVIDUAL"."RESPUESTA" (RESPUESTA_ALUMNO, ID_PREGUNTA, ID_TEST, ID_ALUMNO, PROGRAMA) VALUES ('1', '1', '1', '1', 'Desarrollador Full Stack Java')
INSERT INTO "PRUEBAINDIVIDUAL"."RESPUESTA" (RESPUESTA_ALUMNO, ID_PREGUNTA, ID_TEST, ID_ALUMNO, PROGRAMA) VALUES ('1', '2', '1', '1', 'Desarrollador Full Stack Java')
INSERT INTO "PRUEBAINDIVIDUAL"."RESPUESTA" (RESPUESTA_ALUMNO, ID_PREGUNTA, ID_TEST, ID_ALUMNO, PROGRAMA) VALUES ('2', '3', '1', '1', 'Desarrollador Full Stack Java')
INSERT INTO "PRUEBAINDIVIDUAL"."RESPUESTA" (RESPUESTA_ALUMNO, ID_PREGUNTA, ID_TEST, ID_ALUMNO, PROGRAMA) VALUES ('4', '4', '1', '1', 'Desarrollador Full Stack Java')
INSERT INTO "PRUEBAINDIVIDUAL"."RESPUESTA" (RESPUESTA_ALUMNO, ID_PREGUNTA, ID_TEST, ID_ALUMNO, PROGRAMA) VALUES ('3', '5', '1', '1', 'Desarrollador Full Stack Java')
INSERT INTO "PRUEBAINDIVIDUAL"."RESPUESTA" (RESPUESTA_ALUMNO, ID_PREGUNTA, ID_TEST, ID_ALUMNO, PROGRAMA) VALUES ('1', '6', '1', '1', 'Desarrollador Full Stack Java')
INSERT INTO "PRUEBAINDIVIDUAL"."RESPUESTA" (RESPUESTA_ALUMNO, ID_PREGUNTA, ID_TEST, ID_ALUMNO, PROGRAMA) VALUES ('1', '7', '1', '1', 'Desarrollador Full Stack Java')
INSERT INTO "PRUEBAINDIVIDUAL"."RESPUESTA" (RESPUESTA_ALUMNO, ID_PREGUNTA, ID_TEST, ID_ALUMNO, PROGRAMA) VALUES ('3', '8', '1', '1', 'Desarrollador Full Stack Java')
INSERT INTO "PRUEBAINDIVIDUAL"."RESPUESTA" (RESPUESTA_ALUMNO, ID_PREGUNTA, ID_TEST, ID_ALUMNO, PROGRAMA) VALUES ('4', '9', '1', '1', 'Desarrollador Full Stack Java')
INSERT INTO "PRUEBAINDIVIDUAL"."RESPUESTA" (RESPUESTA_ALUMNO, ID_PREGUNTA, ID_TEST, ID_ALUMNO, PROGRAMA) VALUES ('1', '10', '1', '1', 'Desarrollador Full Stack Java')
INSERT INTO "PRUEBAINDIVIDUAL"."RESPUESTA" (RESPUESTA_ALUMNO, ID_PREGUNTA, ID_TEST, ID_ALUMNO, PROGRAMA) VALUES ('1', '1', '1', '1', 'Desarrollador Full Stack Java')
INSERT INTO "PRUEBAINDIVIDUAL"."RESPUESTA" (RESPUESTA_ALUMNO, ID_PREGUNTA, ID_TEST, ID_ALUMNO, PROGRAMA) VALUES ('1', '2', '1', '1', 'Desarrollador Full Stack Java')
INSERT INTO "PRUEBAINDIVIDUAL"."RESPUESTA" (RESPUESTA_ALUMNO, ID_PREGUNTA, ID_TEST, ID_ALUMNO, PROGRAMA) VALUES ('2', '3', '1', '1', 'Desarrollador Full Stack Java')
INSERT INTO "PRUEBAINDIVIDUAL"."RESPUESTA" (RESPUESTA_ALUMNO, ID_PREGUNTA, ID_TEST, ID_ALUMNO, PROGRAMA) VALUES ('4', '4', '1', '1', 'Desarrollador Full Stack Java')
INSERT INTO "PRUEBAINDIVIDUAL"."RESPUESTA" (RESPUESTA_ALUMNO, ID_PREGUNTA, ID_TEST, ID_ALUMNO, PROGRAMA) VALUES ('3', '5', '1', '1', 'Desarrollador Full Stack Java')
INSERT INTO "PRUEBAINDIVIDUAL"."RESPUESTA" (RESPUESTA_ALUMNO, ID_PREGUNTA, ID_TEST, ID_ALUMNO, PROGRAMA) VALUES ('1', '6', '1', '1', 'Desarrollador Full Stack Java')
INSERT INTO "PRUEBAINDIVIDUAL"."RESPUESTA" (RESPUESTA_ALUMNO, ID_PREGUNTA, ID_TEST, ID_ALUMNO, PROGRAMA) VALUES ('1', '7', '1', '1', 'Desarrollador Full Stack Java')
INSERT INTO "PRUEBAINDIVIDUAL"."RESPUESTA" (RESPUESTA_ALUMNO, ID_PREGUNTA, ID_TEST, ID_ALUMNO, PROGRAMA) VALUES ('3', '8', '1', '1', 'Desarrollador Full Stack Java')
INSERT INTO "PRUEBAINDIVIDUAL"."RESPUESTA" (RESPUESTA_ALUMNO, ID_PREGUNTA, ID_TEST, ID_ALUMNO, PROGRAMA) VALUES ('4', '9', '1', '1', 'Desarrollador Full Stack Java')
INSERT INTO "PRUEBAINDIVIDUAL"."RESPUESTA" (RESPUESTA_ALUMNO, ID_PREGUNTA, ID_TEST, ID_ALUMNO, PROGRAMA) VALUES ('1', '10', '1', '1', 'Desarrollador Full Stack Java')

Confirmación Correcta


INSERT INTO "PRUEBAINDIVIDUAL"."RESPUESTA" (RESPUESTA_ALUMNO, ID_PREGUNTA, ID_TEST, ID_ALUMNO, PROGRAMA) VALUES ('1', '1', '1', '2', 'Desarrollador Full Stack Java')
INSERT INTO "PRUEBAINDIVIDUAL"."RESPUESTA" (RESPUESTA_ALUMNO, ID_PREGUNTA, ID_TEST, ID_ALUMNO, PROGRAMA) VALUES ('4', '1', '1', '2', 'Desarrollador Full Stack Java')
INSERT INTO "PRUEBAINDIVIDUAL"."RESPUESTA" (RESPUESTA_ALUMNO, ID_PREGUNTA, ID_TEST, ID_ALUMNO, PROGRAMA) VALUES ('1', '2', '1', '2', 'Desarrollador Full Stack Java')
INSERT INTO "PRUEBAINDIVIDUAL"."RESPUESTA" (RESPUESTA_ALUMNO, ID_PREGUNTA, ID_TEST, ID_ALUMNO, PROGRAMA) VALUES ('2', '3', '1', '2', 'Desarrollador Full Stack Java')
INSERT INTO "PRUEBAINDIVIDUAL"."RESPUESTA" (RESPUESTA_ALUMNO, ID_PREGUNTA, ID_TEST, ID_ALUMNO, PROGRAMA) VALUES ('1', '4', '1', '2', 'Desarrollador Full Stack Java')
INSERT INTO "PRUEBAINDIVIDUAL"."RESPUESTA" (RESPUESTA_ALUMNO, ID_PREGUNTA, ID_TEST, ID_ALUMNO, PROGRAMA) VALUES ('4', '4', '1', '2', 'Desarrollador Full Stack Java')
INSERT INTO "PRUEBAINDIVIDUAL"."RESPUESTA" (RESPUESTA_ALUMNO, ID_PREGUNTA, ID_TEST, ID_ALUMNO, PROGRAMA) VALUES ('1', '5', '1', '2', 'Desarrollador Full Stack Java')
INSERT INTO "PRUEBAINDIVIDUAL"."RESPUESTA" (RESPUESTA_ALUMNO, ID_PREGUNTA, ID_TEST, ID_ALUMNO, PROGRAMA) VALUES ('3', '5', '1', '2', 'Desarrollador Full Stack Java')
INSERT INTO "PRUEBAINDIVIDUAL"."RESPUESTA" (RESPUESTA_ALUMNO, ID_PREGUNTA, ID_TEST, ID_ALUMNO, PROGRAMA) VALUES ('1', '6', '1', '2', 'Desarrollador Full Stack Java')
INSERT INTO "PRUEBAINDIVIDUAL"."RESPUESTA" (RESPUESTA_ALUMNO, ID_PREGUNTA, ID_TEST, ID_ALUMNO, PROGRAMA) VALUES ('3', '6', '1', '2', 'Desarrollador Full Stack Java')
INSERT INTO "PRUEBAINDIVIDUAL"."RESPUESTA" (RESPUESTA_ALUMNO, ID_PREGUNTA, ID_TEST, ID_ALUMNO, PROGRAMA) VALUES ('1', '7', '1', '2', 'Desarrollador Full Stack Java')
INSERT INTO "PRUEBAINDIVIDUAL"."RESPUESTA" (RESPUESTA_ALUMNO, ID_PREGUNTA, ID_TEST, ID_ALUMNO, PROGRAMA) VALUES ('1', '8', '1', '2', 'Desarrollador Full Stack Java')
INSERT INTO "PRUEBAINDIVIDUAL"."RESPUESTA" (RESPUESTA_ALUMNO, ID_PREGUNTA, ID_TEST, ID_ALUMNO, PROGRAMA) VALUES ('3', '8', '1', '2', 'Desarrollador Full Stack Java')
INSERT INTO "PRUEBAINDIVIDUAL"."RESPUESTA" (RESPUESTA_ALUMNO, ID_PREGUNTA, ID_TEST, ID_ALUMNO, PROGRAMA) VALUES ('4', '9', '1', '2', 'Desarrollador Full Stack Java')
INSERT INTO "PRUEBAINDIVIDUAL"."RESPUESTA" (RESPUESTA_ALUMNO, ID_PREGUNTA, ID_TEST, ID_ALUMNO, PROGRAMA) VALUES ('1', '10', '1', '2', 'Desarrollador Full Stack Java')

Confirmación Correcta

INSERT INTO "PRUEBAINDIVIDUAL"."RESPUESTA" (RESPUESTA_ALUMNO, ID_PREGUNTA, ID_TEST, ID_ALUMNO, PROGRAMA) VALUES ('2', '1', '1', '3', 'Desarrollador Full Stack Java')
INSERT INTO "PRUEBAINDIVIDUAL"."RESPUESTA" (RESPUESTA_ALUMNO, ID_PREGUNTA, ID_TEST, ID_ALUMNO, PROGRAMA) VALUES ('4', '1', '1', '3', 'Desarrollador Full Stack Java')
INSERT INTO "PRUEBAINDIVIDUAL"."RESPUESTA" (RESPUESTA_ALUMNO, ID_PREGUNTA, ID_TEST, ID_ALUMNO, PROGRAMA) VALUES ('2', '2', '1', '3', 'Desarrollador Full Stack Java')
INSERT INTO "PRUEBAINDIVIDUAL"."RESPUESTA" (RESPUESTA_ALUMNO, ID_PREGUNTA, ID_TEST, ID_ALUMNO, PROGRAMA) VALUES ('1', '4', '1', '3', 'Desarrollador Full Stack Java')
INSERT INTO "PRUEBAINDIVIDUAL"."RESPUESTA" (RESPUESTA_ALUMNO, ID_PREGUNTA, ID_TEST, ID_ALUMNO, PROGRAMA) VALUES ('3', '4', '1', '3', 'Desarrollador Full Stack Java')
INSERT INTO "PRUEBAINDIVIDUAL"."RESPUESTA" (RESPUESTA_ALUMNO, ID_PREGUNTA, ID_TEST, ID_ALUMNO, PROGRAMA) VALUES ('1', '5', '1', '3', 'Desarrollador Full Stack Java')
INSERT INTO "PRUEBAINDIVIDUAL"."RESPUESTA" (RESPUESTA_ALUMNO, ID_PREGUNTA, ID_TEST, ID_ALUMNO, PROGRAMA) VALUES ('1', '6', '1', '3', 'Desarrollador Full Stack Java')
INSERT INTO "PRUEBAINDIVIDUAL"."RESPUESTA" (RESPUESTA_ALUMNO, ID_PREGUNTA, ID_TEST, ID_ALUMNO, PROGRAMA) VALUES ('3', '6', '1', '3', 'Desarrollador Full Stack Java')
INSERT INTO "PRUEBAINDIVIDUAL"."RESPUESTA" (RESPUESTA_ALUMNO, ID_PREGUNTA, ID_TEST, ID_ALUMNO, PROGRAMA) VALUES ('1', '7', '1', '3', 'Desarrollador Full Stack Java')
INSERT INTO "PRUEBAINDIVIDUAL"."RESPUESTA" (RESPUESTA_ALUMNO, ID_PREGUNTA, ID_TEST, ID_ALUMNO, PROGRAMA) VALUES ('1', '8', '1', '3', 'Desarrollador Full Stack Java')
INSERT INTO "PRUEBAINDIVIDUAL"."RESPUESTA" (RESPUESTA_ALUMNO, ID_PREGUNTA, ID_TEST, ID_ALUMNO, PROGRAMA) VALUES ('3', '9', '1', '3', 'Desarrollador Full Stack Java')
INSERT INTO "PRUEBAINDIVIDUAL"."RESPUESTA" (RESPUESTA_ALUMNO, ID_PREGUNTA, ID_TEST, ID_ALUMNO, PROGRAMA) VALUES ('2', '10', '1', '3', 'Desarrollador Full Stack Java')

Confirmación Correcta

INSERT INTO "PRUEBAINDIVIDUAL"."RESPUESTA" (RESPUESTA_ALUMNO, ID_PREGUNTA, ID_TEST, ID_ALUMNO, PROGRAMA) VALUES ('1', '1', '1', '4', 'Desarrollador Full Stack Java')
INSERT INTO "PRUEBAINDIVIDUAL"."RESPUESTA" (RESPUESTA_ALUMNO, ID_PREGUNTA, ID_TEST, ID_ALUMNO, PROGRAMA) VALUES ('2', '1', '1', '4', 'Desarrollador Full Stack Java')
INSERT INTO "PRUEBAINDIVIDUAL"."RESPUESTA" (RESPUESTA_ALUMNO, ID_PREGUNTA, ID_TEST, ID_ALUMNO, PROGRAMA) VALUES ('1', '2', '1', '4', 'Desarrollador Full Stack Java')
INSERT INTO "PRUEBAINDIVIDUAL"."RESPUESTA" (RESPUESTA_ALUMNO, ID_PREGUNTA, ID_TEST, ID_ALUMNO, PROGRAMA) VALUES ('2', '3', '1', '4', 'Desarrollador Full Stack Java')
INSERT INTO "PRUEBAINDIVIDUAL"."RESPUESTA" (RESPUESTA_ALUMNO, ID_PREGUNTA, ID_TEST, ID_ALUMNO, PROGRAMA) VALUES ('1', '4', '1', '4', 'Desarrollador Full Stack Java')
INSERT INTO "PRUEBAINDIVIDUAL"."RESPUESTA" (RESPUESTA_ALUMNO, ID_PREGUNTA, ID_TEST, ID_ALUMNO, PROGRAMA) VALUES ('3', '4', '1', '4', 'Desarrollador Full Stack Java')
INSERT INTO "PRUEBAINDIVIDUAL"."RESPUESTA" (RESPUESTA_ALUMNO, ID_PREGUNTA, ID_TEST, ID_ALUMNO, PROGRAMA) VALUES ('1', '1', '1', '4', 'Desarrollador Full Stack Java')
INSERT INTO "PRUEBAINDIVIDUAL"."RESPUESTA" (RESPUESTA_ALUMNO, ID_PREGUNTA, ID_TEST, ID_ALUMNO, PROGRAMA) VALUES ('2', '1', '1', '4', 'Desarrollador Full Stack Java')
INSERT INTO "PRUEBAINDIVIDUAL"."RESPUESTA" (RESPUESTA_ALUMNO, ID_PREGUNTA, ID_TEST, ID_ALUMNO, PROGRAMA) VALUES ('1', '2', '1', '4', 'Desarrollador Full Stack Java')
INSERT INTO "PRUEBAINDIVIDUAL"."RESPUESTA" (RESPUESTA_ALUMNO, ID_PREGUNTA, ID_TEST, ID_ALUMNO, PROGRAMA) VALUES ('2', '3', '1', '4', 'Desarrollador Full Stack Java')
INSERT INTO "PRUEBAINDIVIDUAL"."RESPUESTA" (RESPUESTA_ALUMNO, ID_PREGUNTA, ID_TEST, ID_ALUMNO, PROGRAMA) VALUES ('1', '4', '1', '4', 'Desarrollador Full Stack Java')
INSERT INTO "PRUEBAINDIVIDUAL"."RESPUESTA" (RESPUESTA_ALUMNO, ID_PREGUNTA, ID_TEST, ID_ALUMNO, PROGRAMA) VALUES ('3', '4', '1', '4', 'Desarrollador Full Stack Java')
INSERT INTO "PRUEBAINDIVIDUAL"."RESPUESTA" (RESPUESTA_ALUMNO, ID_PREGUNTA, ID_TEST, ID_ALUMNO, PROGRAMA) VALUES ('2', '5', '1', '4', 'Desarrollador Full Stack Java')
INSERT INTO "PRUEBAINDIVIDUAL"."RESPUESTA" (RESPUESTA_ALUMNO, ID_PREGUNTA, ID_TEST, ID_ALUMNO, PROGRAMA) VALUES ('3', '5', '1', '4', 'Desarrollador Full Stack Java')
INSERT INTO "PRUEBAINDIVIDUAL"."RESPUESTA" (RESPUESTA_ALUMNO, ID_PREGUNTA, ID_TEST, ID_ALUMNO, PROGRAMA) VALUES ('1', '6', '1', '4', 'Desarrollador Full Stack Java')
INSERT INTO "PRUEBAINDIVIDUAL"."RESPUESTA" (RESPUESTA_ALUMNO, ID_PREGUNTA, ID_TEST, ID_ALUMNO, PROGRAMA) VALUES ('4', '6', '1', '4', 'Desarrollador Full Stack Java')
INSERT INTO "PRUEBAINDIVIDUAL"."RESPUESTA" (RESPUESTA_ALUMNO, ID_PREGUNTA, ID_TEST, ID_ALUMNO, PROGRAMA) VALUES ('1', '7', '1', '4', 'Desarrollador Full Stack Java')
INSERT INTO "PRUEBAINDIVIDUAL"."RESPUESTA" (RESPUESTA_ALUMNO, ID_PREGUNTA, ID_TEST, ID_ALUMNO, PROGRAMA) VALUES ('1', '8', '1', '4', 'Desarrollador Full Stack Java')
INSERT INTO "PRUEBAINDIVIDUAL"."RESPUESTA" (RESPUESTA_ALUMNO, ID_PREGUNTA, ID_TEST, ID_ALUMNO, PROGRAMA) VALUES ('2', '8', '1', '4', 'Desarrollador Full Stack Java')
INSERT INTO "PRUEBAINDIVIDUAL"."RESPUESTA" (RESPUESTA_ALUMNO, ID_PREGUNTA, ID_TEST, ID_ALUMNO, PROGRAMA) VALUES ('4', '9', '1', '4', 'Desarrollador Full Stack Java')
INSERT INTO "PRUEBAINDIVIDUAL"."RESPUESTA" (RESPUESTA_ALUMNO, ID_PREGUNTA, ID_TEST, ID_ALUMNO, PROGRAMA) VALUES ('1', '10', '1', '4', 'Desarrollador Full Stack Java')

Confirmación Correcta

INSERT INTO "PRUEBAINDIVIDUAL"."RESPUESTA" (RESPUESTA_ALUMNO, ID_PREGUNTA, ID_TEST, ID_ALUMNO, PROGRAMA) VALUES ('1', '1', '1', '5', 'Desarrollador Full Stack Java')
INSERT INTO "PRUEBAINDIVIDUAL"."RESPUESTA" (RESPUESTA_ALUMNO, ID_PREGUNTA, ID_TEST, ID_ALUMNO, PROGRAMA) VALUES ('1', '2', '1', '5', 'Desarrollador Full Stack Java')
INSERT INTO "PRUEBAINDIVIDUAL"."RESPUESTA" (RESPUESTA_ALUMNO, ID_PREGUNTA, ID_TEST, ID_ALUMNO, PROGRAMA) VALUES ('2', '3', '1', '5', 'Desarrollador Full Stack Java')
INSERT INTO "PRUEBAINDIVIDUAL"."RESPUESTA" (RESPUESTA_ALUMNO, ID_PREGUNTA, ID_TEST, ID_ALUMNO, PROGRAMA) VALUES ('1', '4', '1', '5', 'Desarrollador Full Stack Java')
INSERT INTO "PRUEBAINDIVIDUAL"."RESPUESTA" (RESPUESTA_ALUMNO, ID_PREGUNTA, ID_TEST, ID_ALUMNO, PROGRAMA) VALUES ('1', '5', '1', '5', 'Desarrollador Full Stack Java')
INSERT INTO "PRUEBAINDIVIDUAL"."RESPUESTA" (RESPUESTA_ALUMNO, ID_PREGUNTA, ID_TEST, ID_ALUMNO, PROGRAMA) VALUES ('1', '6', '1', '5', 'Desarrollador Full Stack Java')
INSERT INTO "PRUEBAINDIVIDUAL"."RESPUESTA" (RESPUESTA_ALUMNO, ID_PREGUNTA, ID_TEST, ID_ALUMNO, PROGRAMA) VALUES ('2', '7', '1', '5', 'Desarrollador Full Stack Java')
INSERT INTO "PRUEBAINDIVIDUAL"."RESPUESTA" (RESPUESTA_ALUMNO, ID_PREGUNTA, ID_TEST, ID_ALUMNO, PROGRAMA) VALUES ('3', '8', '1', '5', 'Desarrollador Full Stack Java')
INSERT INTO "PRUEBAINDIVIDUAL"."RESPUESTA" (RESPUESTA_ALUMNO, ID_PREGUNTA, ID_TEST, ID_ALUMNO, PROGRAMA) VALUES ('2', '9', '1', '5', 'Desarrollador Full Stack Java')
INSERT INTO "PRUEBAINDIVIDUAL"."RESPUESTA" (RESPUESTA_ALUMNO, ID_PREGUNTA, ID_TEST, ID_ALUMNO, PROGRAMA) VALUES ('3', '10', '1', '5', 'Desarrollador Full Stack Java')

Confirmación Correcta

INSERT INTO "PRUEBAINDIVIDUAL"."RESPUESTA" (RESPUESTA_ALUMNO, ID_PREGUNTA, ID_TEST, ID_ALUMNO, PROGRAMA) VALUES ('1', '1', '1', '6', 'Desarrollador Full Stack Java')
INSERT INTO "PRUEBAINDIVIDUAL"."RESPUESTA" (RESPUESTA_ALUMNO, ID_PREGUNTA, ID_TEST, ID_ALUMNO, PROGRAMA) VALUES ('1', '2', '1', '6', 'Desarrollador Full Stack Java')
INSERT INTO "PRUEBAINDIVIDUAL"."RESPUESTA" (RESPUESTA_ALUMNO, ID_PREGUNTA, ID_TEST, ID_ALUMNO, PROGRAMA) VALUES ('2', '3', '1', '6', 'Desarrollador Full Stack Java')
INSERT INTO "PRUEBAINDIVIDUAL"."RESPUESTA" (RESPUESTA_ALUMNO, ID_PREGUNTA, ID_TEST, ID_ALUMNO, PROGRAMA) VALUES ('1', '4', '1', '6', 'Desarrollador Full Stack Java')
INSERT INTO "PRUEBAINDIVIDUAL"."RESPUESTA" (RESPUESTA_ALUMNO, ID_PREGUNTA, ID_TEST, ID_ALUMNO, PROGRAMA) VALUES ('3', '5', '1', '6', 'Desarrollador Full Stack Java')
INSERT INTO "PRUEBAINDIVIDUAL"."RESPUESTA" (RESPUESTA_ALUMNO, ID_PREGUNTA, ID_TEST, ID_ALUMNO, PROGRAMA) VALUES ('3', '6', '1', '6', 'Desarrollador Full Stack Java')
INSERT INTO "PRUEBAINDIVIDUAL"."RESPUESTA" (RESPUESTA_ALUMNO, ID_PREGUNTA, ID_TEST, ID_ALUMNO, PROGRAMA) VALUES ('1', '7', '1', '6', 'Desarrollador Full Stack Java')
INSERT INTO "PRUEBAINDIVIDUAL"."RESPUESTA" (RESPUESTA_ALUMNO, ID_PREGUNTA, ID_TEST, ID_ALUMNO, PROGRAMA) VALUES ('2', '8', '1', '6', 'Desarrollador Full Stack Java')
INSERT INTO "PRUEBAINDIVIDUAL"."RESPUESTA" (RESPUESTA_ALUMNO, ID_PREGUNTA, ID_TEST, ID_ALUMNO, PROGRAMA) VALUES ('3', '9', '1', '6', 'Desarrollador Full Stack Java')
INSERT INTO "PRUEBAINDIVIDUAL"."RESPUESTA" (RESPUESTA_ALUMNO, ID_PREGUNTA, ID_TEST, ID_ALUMNO, PROGRAMA) VALUES ('4', '10', '1', '6', 'Desarrollador Full Stack Java')

Confirmación Correcta

INSERT INTO "PRUEBAINDIVIDUAL"."RESPUESTA" (RESPUESTA_ALUMNO, ID_PREGUNTA, ID_TEST, ID_ALUMNO, PROGRAMA) VALUES ('2', '1', '1', '7', 'Desarrollador Full Stack Java')
INSERT INTO "PRUEBAINDIVIDUAL"."RESPUESTA" (RESPUESTA_ALUMNO, ID_PREGUNTA, ID_TEST, ID_ALUMNO, PROGRAMA) VALUES ('1', '2', '1', '7', 'Desarrollador Full Stack Java')
INSERT INTO "PRUEBAINDIVIDUAL"."RESPUESTA" (RESPUESTA_ALUMNO, ID_PREGUNTA, ID_TEST, ID_ALUMNO, PROGRAMA) VALUES ('2', '3', '1', '7', 'Desarrollador Full Stack Java')
INSERT INTO "PRUEBAINDIVIDUAL"."RESPUESTA" (RESPUESTA_ALUMNO, ID_PREGUNTA, ID_TEST, ID_ALUMNO, PROGRAMA) VALUES ('4', '4', '1', '7', 'Desarrollador Full Stack Java')
INSERT INTO "PRUEBAINDIVIDUAL"."RESPUESTA" (RESPUESTA_ALUMNO, ID_PREGUNTA, ID_TEST, ID_ALUMNO, PROGRAMA) VALUES ('1', '5', '1', '7', 'Desarrollador Full Stack Java')
INSERT INTO "PRUEBAINDIVIDUAL"."RESPUESTA" (RESPUESTA_ALUMNO, ID_PREGUNTA, ID_TEST, ID_ALUMNO, PROGRAMA) VALUES ('3', '6', '1', '7', 'Desarrollador Full Stack Java')
INSERT INTO "PRUEBAINDIVIDUAL"."RESPUESTA" (RESPUESTA_ALUMNO, ID_PREGUNTA, ID_TEST, ID_ALUMNO, PROGRAMA) VALUES ('1', '7', '1', '7', 'Desarrollador Full Stack Java')
INSERT INTO "PRUEBAINDIVIDUAL"."RESPUESTA" (RESPUESTA_ALUMNO, ID_PREGUNTA, ID_TEST, ID_ALUMNO, PROGRAMA) VALUES ('2', '8', '1', '7', 'Desarrollador Full Stack Java')
INSERT INTO "PRUEBAINDIVIDUAL"."RESPUESTA" (RESPUESTA_ALUMNO, ID_PREGUNTA, ID_TEST, ID_ALUMNO, PROGRAMA) VALUES ('4', '9', '1', '7', 'Desarrollador Full Stack Java')
INSERT INTO "PRUEBAINDIVIDUAL"."RESPUESTA" (RESPUESTA_ALUMNO, ID_PREGUNTA, ID_TEST, ID_ALUMNO, PROGRAMA) VALUES ('1', '10', '1', '7', 'Desarrollador Full Stack Java')

Confirmación Correcta

INSERT INTO "PRUEBAINDIVIDUAL"."RESPUESTA" (RESPUESTA_ALUMNO, ID_PREGUNTA, ID_TEST, ID_ALUMNO, PROGRAMA) VALUES ('4', '1', '1', '8', 'Desarrollador Full Stack Java')
INSERT INTO "PRUEBAINDIVIDUAL"."RESPUESTA" (RESPUESTA_ALUMNO, ID_PREGUNTA, ID_TEST, ID_ALUMNO, PROGRAMA) VALUES ('1', '2', '1', '8', 'Desarrollador Full Stack Java')
INSERT INTO "PRUEBAINDIVIDUAL"."RESPUESTA" (RESPUESTA_ALUMNO, ID_PREGUNTA, ID_TEST, ID_ALUMNO, PROGRAMA) VALUES ('2', '3', '1', '8', 'Desarrollador Full Stack Java')
INSERT INTO "PRUEBAINDIVIDUAL"."RESPUESTA" (RESPUESTA_ALUMNO, ID_PREGUNTA, ID_TEST, ID_ALUMNO, PROGRAMA) VALUES ('1', '4', '1', '8', 'Desarrollador Full Stack Java')
INSERT INTO "PRUEBAINDIVIDUAL"."RESPUESTA" (RESPUESTA_ALUMNO, ID_PREGUNTA, ID_TEST, ID_ALUMNO, PROGRAMA) VALUES ('4', '4', '1', '8', 'Desarrollador Full Stack Java')
INSERT INTO "PRUEBAINDIVIDUAL"."RESPUESTA" (RESPUESTA_ALUMNO, ID_PREGUNTA, ID_TEST, ID_ALUMNO, PROGRAMA) VALUES ('1', '5', '1', '8', 'Desarrollador Full Stack Java')
INSERT INTO "PRUEBAINDIVIDUAL"."RESPUESTA" (RESPUESTA_ALUMNO, ID_PREGUNTA, ID_TEST, ID_ALUMNO, PROGRAMA) VALUES ('3', '5', '1', '8', 'Desarrollador Full Stack Java')
INSERT INTO "PRUEBAINDIVIDUAL"."RESPUESTA" (RESPUESTA_ALUMNO, ID_PREGUNTA, ID_TEST, ID_ALUMNO, PROGRAMA) VALUES ('1', '6', '1', '8', 'Desarrollador Full Stack Java')
INSERT INTO "PRUEBAINDIVIDUAL"."RESPUESTA" (RESPUESTA_ALUMNO, ID_PREGUNTA, ID_TEST, ID_ALUMNO, PROGRAMA) VALUES ('3', '6', '1', '8', 'Desarrollador Full Stack Java')
INSERT INTO "PRUEBAINDIVIDUAL"."RESPUESTA" (RESPUESTA_ALUMNO, ID_PREGUNTA, ID_TEST, ID_ALUMNO, PROGRAMA) VALUES ('1', '7', '1', '8', 'Desarrollador Full Stack Java')
INSERT INTO "PRUEBAINDIVIDUAL"."RESPUESTA" (RESPUESTA_ALUMNO, ID_PREGUNTA, ID_TEST, ID_ALUMNO, PROGRAMA) VALUES ('3', '8', '1', '8', 'Desarrollador Full Stack Java')
INSERT INTO "PRUEBAINDIVIDUAL"."RESPUESTA" (RESPUESTA_ALUMNO, ID_PREGUNTA, ID_TEST, ID_ALUMNO, PROGRAMA) VALUES ('4', '9', '1', '8', 'Desarrollador Full Stack Java')
INSERT INTO "PRUEBAINDIVIDUAL"."RESPUESTA" (RESPUESTA_ALUMNO, ID_PREGUNTA, ID_TEST, ID_ALUMNO, PROGRAMA) VALUES ('1', '10', '1', '8', 'Desarrollador Full Stack Java')

Confirmación Correcta


INSERT INTO "PRUEBAINDIVIDUAL"."RESPUESTA" (RESPUESTA_ALUMNO, ID_PREGUNTA, ID_TEST, ID_ALUMNO, PROGRAMA) VALUES ('2', '1', '1', '9', 'Desarrollador Full Stack Java')
INSERT INTO "PRUEBAINDIVIDUAL"."RESPUESTA" (RESPUESTA_ALUMNO, ID_PREGUNTA, ID_TEST, ID_ALUMNO, PROGRAMA) VALUES ('2', '2', '1', '9', 'Desarrollador Full Stack Java')
INSERT INTO "PRUEBAINDIVIDUAL"."RESPUESTA" (RESPUESTA_ALUMNO, ID_PREGUNTA, ID_TEST, ID_ALUMNO, PROGRAMA) VALUES ('2', '3', '1', '9', 'Desarrollador Full Stack Java')
INSERT INTO "PRUEBAINDIVIDUAL"."RESPUESTA" (RESPUESTA_ALUMNO, ID_PREGUNTA, ID_TEST, ID_ALUMNO, PROGRAMA) VALUES ('1', '4', '1', '9', 'Desarrollador Full Stack Java')
INSERT INTO "PRUEBAINDIVIDUAL"."RESPUESTA" (RESPUESTA_ALUMNO, ID_PREGUNTA, ID_TEST, ID_ALUMNO, PROGRAMA) VALUES ('4', '4', '1', '9', 'Desarrollador Full Stack Java')
INSERT INTO "PRUEBAINDIVIDUAL"."RESPUESTA" (RESPUESTA_ALUMNO, ID_PREGUNTA, ID_TEST, ID_ALUMNO, PROGRAMA) VALUES ('2', '5', '1', '9', 'Desarrollador Full Stack Java')
INSERT INTO "PRUEBAINDIVIDUAL"."RESPUESTA" (RESPUESTA_ALUMNO, ID_PREGUNTA, ID_TEST, ID_ALUMNO, PROGRAMA) VALUES ('1', '6', '1', '9', 'Desarrollador Full Stack Java')
INSERT INTO "PRUEBAINDIVIDUAL"."RESPUESTA" (RESPUESTA_ALUMNO, ID_PREGUNTA, ID_TEST, ID_ALUMNO, PROGRAMA) VALUES ('2', '7', '1', '9', 'Desarrollador Full Stack Java')
INSERT INTO "PRUEBAINDIVIDUAL"."RESPUESTA" (RESPUESTA_ALUMNO, ID_PREGUNTA, ID_TEST, ID_ALUMNO, PROGRAMA) VALUES ('1', '8', '1', '9', 'Desarrollador Full Stack Java')
INSERT INTO "PRUEBAINDIVIDUAL"."RESPUESTA" (RESPUESTA_ALUMNO, ID_PREGUNTA, ID_TEST, ID_ALUMNO, PROGRAMA) VALUES ('4', '9', '1', '9', 'Desarrollador Full Stack Java')
INSERT INTO "PRUEBAINDIVIDUAL"."RESPUESTA" (RESPUESTA_ALUMNO, ID_PREGUNTA, ID_TEST, ID_ALUMNO, PROGRAMA) VALUES ('2', '10', '1', '9', 'Desarrollador Full Stack Java')

Confirmación Correcta

INSERT INTO "PRUEBAINDIVIDUAL"."RESPUESTA" (RESPUESTA_ALUMNO, ID_PREGUNTA, ID_TEST, ID_ALUMNO, PROGRAMA) VALUES ('1', '1', '1', '10', 'Desarrollador Full Stack Java')
INSERT INTO "PRUEBAINDIVIDUAL"."RESPUESTA" (RESPUESTA_ALUMNO, ID_PREGUNTA, ID_TEST, ID_ALUMNO, PROGRAMA) VALUES ('4', '1', '1', '10', 'Desarrollador Full Stack Java')
INSERT INTO "PRUEBAINDIVIDUAL"."RESPUESTA" (RESPUESTA_ALUMNO, ID_PREGUNTA, ID_TEST, ID_ALUMNO, PROGRAMA) VALUES ('2', '2', '1', '10', 'Desarrollador Full Stack Java')
INSERT INTO "PRUEBAINDIVIDUAL"."RESPUESTA" (RESPUESTA_ALUMNO, ID_PREGUNTA, ID_TEST, ID_ALUMNO, PROGRAMA) VALUES ('1', '3', '1', '10', 'Desarrollador Full Stack Java')
INSERT INTO "PRUEBAINDIVIDUAL"."RESPUESTA" (RESPUESTA_ALUMNO, ID_PREGUNTA, ID_TEST, ID_ALUMNO, PROGRAMA) VALUES ('1', '4', '1', '10', 'Desarrollador Full Stack Java')
INSERT INTO "PRUEBAINDIVIDUAL"."RESPUESTA" (RESPUESTA_ALUMNO, ID_PREGUNTA, ID_TEST, ID_ALUMNO, PROGRAMA) VALUES ('3', '4', '1', '10', 'Desarrollador Full Stack Java')
INSERT INTO "PRUEBAINDIVIDUAL"."RESPUESTA" (RESPUESTA_ALUMNO, ID_PREGUNTA, ID_TEST, ID_ALUMNO, PROGRAMA) VALUES ('1', '5', '1', '10', 'Desarrollador Full Stack Java')
INSERT INTO "PRUEBAINDIVIDUAL"."RESPUESTA" (RESPUESTA_ALUMNO, ID_PREGUNTA, ID_TEST, ID_ALUMNO, PROGRAMA) VALUES ('4', '5', '1', '10', 'Desarrollador Full Stack Java')
INSERT INTO "PRUEBAINDIVIDUAL"."RESPUESTA" (RESPUESTA_ALUMNO, ID_PREGUNTA, ID_TEST, ID_ALUMNO, PROGRAMA) VALUES ('2', '6', '1', '10', 'Desarrollador Full Stack Java')
INSERT INTO "PRUEBAINDIVIDUAL"."RESPUESTA" (RESPUESTA_ALUMNO, ID_PREGUNTA, ID_TEST, ID_ALUMNO, PROGRAMA) VALUES ('4', '6', '1', '10', 'Desarrollador Full Stack Java')
INSERT INTO "PRUEBAINDIVIDUAL"."RESPUESTA" (RESPUESTA_ALUMNO, ID_PREGUNTA, ID_TEST, ID_ALUMNO, PROGRAMA) VALUES ('3', '7', '1', '10', 'Desarrollador Full Stack Java')
INSERT INTO "PRUEBAINDIVIDUAL"."RESPUESTA" (RESPUESTA_ALUMNO, ID_PREGUNTA, ID_TEST, ID_ALUMNO, PROGRAMA) VALUES ('2', '8', '1', '10', 'Desarrollador Full Stack Java')
INSERT INTO "PRUEBAINDIVIDUAL"."RESPUESTA" (RESPUESTA_ALUMNO, ID_PREGUNTA, ID_TEST, ID_ALUMNO, PROGRAMA) VALUES ('4', '8', '1', '10', 'Desarrollador Full Stack Java')
INSERT INTO "PRUEBAINDIVIDUAL"."RESPUESTA" (RESPUESTA_ALUMNO, ID_PREGUNTA, ID_TEST, ID_ALUMNO, PROGRAMA) VALUES ('3', '9', '1', '10', 'Desarrollador Full Stack Java')
INSERT INTO "PRUEBAINDIVIDUAL"."RESPUESTA" (RESPUESTA_ALUMNO, ID_PREGUNTA, ID_TEST, ID_ALUMNO, PROGRAMA) VALUES ('2', '10', '1', '10', 'Desarrollador Full Stack Java')

Confirmación Correcta

INSERT INTO "PRUEBAINDIVIDUAL"."RESPUESTA" (RESPUESTA_ALUMNO, ID_PREGUNTA, ID_TEST, ID_ALUMNO, PROGRAMA) VALUES ('1', '1', '2', '1', 'Desarrollador Aplicaciones Android')
INSERT INTO "PRUEBAINDIVIDUAL"."RESPUESTA" (RESPUESTA_ALUMNO, ID_PREGUNTA, ID_TEST, ID_ALUMNO, PROGRAMA) VALUES ('3', '1', '2', '1', 'Desarrollador Aplicaciones Android')
INSERT INTO "PRUEBAINDIVIDUAL"."RESPUESTA" (RESPUESTA_ALUMNO, ID_PREGUNTA, ID_TEST, ID_ALUMNO, PROGRAMA) VALUES ('1', '2', '2', '1', 'Desarrollador Aplicaciones Android')
INSERT INTO "PRUEBAINDIVIDUAL"."RESPUESTA" (RESPUESTA_ALUMNO, ID_PREGUNTA, ID_TEST, ID_ALUMNO, PROGRAMA) VALUES ('4', '2', '2', '1', 'Desarrollador Aplicaciones Android')
INSERT INTO "PRUEBAINDIVIDUAL"."RESPUESTA" (RESPUESTA_ALUMNO, ID_PREGUNTA, ID_TEST, ID_ALUMNO, PROGRAMA) VALUES ('2', '3', '2', '1', 'Desarrollador Aplicaciones Android')
INSERT INTO "PRUEBAINDIVIDUAL"."RESPUESTA" (RESPUESTA_ALUMNO, ID_PREGUNTA, ID_TEST, ID_ALUMNO, PROGRAMA) VALUES ('1', '4', '2', '1', 'Desarrollador Aplicaciones Android')
INSERT INTO "PRUEBAINDIVIDUAL"."RESPUESTA" (RESPUESTA_ALUMNO, ID_PREGUNTA, ID_TEST, ID_ALUMNO, PROGRAMA) VALUES ('2', '4', '2', '1', 'Desarrollador Aplicaciones Android')
INSERT INTO "PRUEBAINDIVIDUAL"."RESPUESTA" (RESPUESTA_ALUMNO, ID_PREGUNTA, ID_TEST, ID_ALUMNO, PROGRAMA) VALUES ('1', '5', '2', '1', 'Desarrollador Aplicaciones Android')
INSERT INTO "PRUEBAINDIVIDUAL"."RESPUESTA" (RESPUESTA_ALUMNO, ID_PREGUNTA, ID_TEST, ID_ALUMNO, PROGRAMA) VALUES ('1', '6', '2', '1', 'Desarrollador Aplicaciones Android')
INSERT INTO "PRUEBAINDIVIDUAL"."RESPUESTA" (RESPUESTA_ALUMNO, ID_PREGUNTA, ID_TEST, ID_ALUMNO, PROGRAMA) VALUES ('1', '7', '2', '1', 'Desarrollador Aplicaciones Android')
INSERT INTO "PRUEBAINDIVIDUAL"."RESPUESTA" (RESPUESTA_ALUMNO, ID_PREGUNTA, ID_TEST, ID_ALUMNO, PROGRAMA) VALUES ('3', '7', '2', '1', 'Desarrollador Aplicaciones Android')
INSERT INTO "PRUEBAINDIVIDUAL"."RESPUESTA" (RESPUESTA_ALUMNO, ID_PREGUNTA, ID_TEST, ID_ALUMNO, PROGRAMA) VALUES ('2', '8', '2', '1', 'Desarrollador Aplicaciones Android')
INSERT INTO "PRUEBAINDIVIDUAL"."RESPUESTA" (RESPUESTA_ALUMNO, ID_PREGUNTA, ID_TEST, ID_ALUMNO, PROGRAMA) VALUES ('4', '8', '2', '1', 'Desarrollador Aplicaciones Android')
INSERT INTO "PRUEBAINDIVIDUAL"."RESPUESTA" (RESPUESTA_ALUMNO, ID_PREGUNTA, ID_TEST, ID_ALUMNO, PROGRAMA) VALUES ('2', '9', '2', '1', 'Desarrollador Aplicaciones Android')
INSERT INTO "PRUEBAINDIVIDUAL"."RESPUESTA" (RESPUESTA_ALUMNO, ID_PREGUNTA, ID_TEST, ID_ALUMNO, PROGRAMA) VALUES ('3', '10', '2', '1', 'Desarrollador Aplicaciones Android')

Confirmación Correcta

INSERT INTO "PRUEBAINDIVIDUAL"."RESPUESTA" (RESPUESTA_ALUMNO, ID_PREGUNTA, ID_TEST, ID_ALUMNO, PROGRAMA) VALUES ('1', '1', '2', '2', 'Desarrollador Aplicaciones Android')
INSERT INTO "PRUEBAINDIVIDUAL"."RESPUESTA" (RESPUESTA_ALUMNO, ID_PREGUNTA, ID_TEST, ID_ALUMNO, PROGRAMA) VALUES ('3', '1', '2', '2', 'Desarrollador Aplicaciones Android')
INSERT INTO "PRUEBAINDIVIDUAL"."RESPUESTA" (RESPUESTA_ALUMNO, ID_PREGUNTA, ID_TEST, ID_ALUMNO, PROGRAMA) VALUES ('1', '2', '2', '2', 'Desarrollador Aplicaciones Android')
INSERT INTO "PRUEBAINDIVIDUAL"."RESPUESTA" (RESPUESTA_ALUMNO, ID_PREGUNTA, ID_TEST, ID_ALUMNO, PROGRAMA) VALUES ('4', '2', '2', '2', 'Desarrollador Aplicaciones Android')
INSERT INTO "PRUEBAINDIVIDUAL"."RESPUESTA" (RESPUESTA_ALUMNO, ID_PREGUNTA, ID_TEST, ID_ALUMNO, PROGRAMA) VALUES ('2', '3', '2', '2', 'Desarrollador Aplicaciones Android')
INSERT INTO "PRUEBAINDIVIDUAL"."RESPUESTA" (RESPUESTA_ALUMNO, ID_PREGUNTA, ID_TEST, ID_ALUMNO, PROGRAMA) VALUES ('1', '4', '2', '2', 'Desarrollador Aplicaciones Android')
INSERT INTO "PRUEBAINDIVIDUAL"."RESPUESTA" (RESPUESTA_ALUMNO, ID_PREGUNTA, ID_TEST, ID_ALUMNO, PROGRAMA) VALUES ('2', '4', '2', '2', 'Desarrollador Aplicaciones Android')
INSERT INTO "PRUEBAINDIVIDUAL"."RESPUESTA" (RESPUESTA_ALUMNO, ID_PREGUNTA, ID_TEST, ID_ALUMNO, PROGRAMA) VALUES ('1', '5', '2', '2', 'Desarrollador Aplicaciones Android')
INSERT INTO "PRUEBAINDIVIDUAL"."RESPUESTA" (RESPUESTA_ALUMNO, ID_PREGUNTA, ID_TEST, ID_ALUMNO, PROGRAMA) VALUES ('1', '6', '2', '2', 'Desarrollador Aplicaciones Android')
INSERT INTO "PRUEBAINDIVIDUAL"."RESPUESTA" (RESPUESTA_ALUMNO, ID_PREGUNTA, ID_TEST, ID_ALUMNO, PROGRAMA) VALUES ('3', '7', '2', '2', 'Desarrollador Aplicaciones Android')
INSERT INTO "PRUEBAINDIVIDUAL"."RESPUESTA" (RESPUESTA_ALUMNO, ID_PREGUNTA, ID_TEST, ID_ALUMNO, PROGRAMA) VALUES ('4', '8', '2', '2', 'Desarrollador Aplicaciones Android')
INSERT INTO "PRUEBAINDIVIDUAL"."RESPUESTA" (RESPUESTA_ALUMNO, ID_PREGUNTA, ID_TEST, ID_ALUMNO, PROGRAMA) VALUES ('2', '9', '2', '2', 'Desarrollador Aplicaciones Android')
INSERT INTO "PRUEBAINDIVIDUAL"."RESPUESTA" (RESPUESTA_ALUMNO, ID_PREGUNTA, ID_TEST, ID_ALUMNO, PROGRAMA) VALUES ('3', '10', '2', '2', 'Desarrollador Aplicaciones Android')

Confirmación Correcta

INSERT INTO "PRUEBAINDIVIDUAL"."RESPUESTA" (RESPUESTA_ALUMNO, ID_PREGUNTA, ID_TEST, ID_ALUMNO, PROGRAMA) VALUES ('3', '1', '2', '3', 'Desarrollador Aplicaciones Android')
INSERT INTO "PRUEBAINDIVIDUAL"."RESPUESTA" (RESPUESTA_ALUMNO, ID_PREGUNTA, ID_TEST, ID_ALUMNO, PROGRAMA) VALUES ('4', '2', '2', '3', 'Desarrollador Aplicaciones Android')
INSERT INTO "PRUEBAINDIVIDUAL"."RESPUESTA" (RESPUESTA_ALUMNO, ID_PREGUNTA, ID_TEST, ID_ALUMNO, PROGRAMA) VALUES ('2', '3', '2', '3', 'Desarrollador Aplicaciones Android')
INSERT INTO "PRUEBAINDIVIDUAL"."RESPUESTA" (RESPUESTA_ALUMNO, ID_PREGUNTA, ID_TEST, ID_ALUMNO, PROGRAMA) VALUES ('2', '4', '2', '3', 'Desarrollador Aplicaciones Android')
INSERT INTO "PRUEBAINDIVIDUAL"."RESPUESTA" (RESPUESTA_ALUMNO, ID_PREGUNTA, ID_TEST, ID_ALUMNO, PROGRAMA) VALUES ('1', '5', '2', '3', 'Desarrollador Aplicaciones Android')
INSERT INTO "PRUEBAINDIVIDUAL"."RESPUESTA" (RESPUESTA_ALUMNO, ID_PREGUNTA, ID_TEST, ID_ALUMNO, PROGRAMA) VALUES ('1', '6', '2', '3', 'Desarrollador Aplicaciones Android')
INSERT INTO "PRUEBAINDIVIDUAL"."RESPUESTA" (RESPUESTA_ALUMNO, ID_PREGUNTA, ID_TEST, ID_ALUMNO, PROGRAMA) VALUES ('3', '7', '2', '3', 'Desarrollador Aplicaciones Android')
INSERT INTO "PRUEBAINDIVIDUAL"."RESPUESTA" (RESPUESTA_ALUMNO, ID_PREGUNTA, ID_TEST, ID_ALUMNO, PROGRAMA) VALUES ('2', '8', '2', '3', 'Desarrollador Aplicaciones Android')
INSERT INTO "PRUEBAINDIVIDUAL"."RESPUESTA" (RESPUESTA_ALUMNO, ID_PREGUNTA, ID_TEST, ID_ALUMNO, PROGRAMA) VALUES ('2', '9', '2', '3', 'Desarrollador Aplicaciones Android')
INSERT INTO "PRUEBAINDIVIDUAL"."RESPUESTA" (RESPUESTA_ALUMNO, ID_PREGUNTA, ID_TEST, ID_ALUMNO, PROGRAMA) VALUES ('3', '10', '2', '3', 'Desarrollador Aplicaciones Android')

Confirmación Correcta

INSERT INTO "PRUEBAINDIVIDUAL"."RESPUESTA" (RESPUESTA_ALUMNO, ID_PREGUNTA, ID_TEST, ID_ALUMNO, PROGRAMA) VALUES ('1', '1', '2', '4', 'Desarrollador Aplicaciones Android')
INSERT INTO "PRUEBAINDIVIDUAL"."RESPUESTA" (RESPUESTA_ALUMNO, ID_PREGUNTA, ID_TEST, ID_ALUMNO, PROGRAMA) VALUES ('3', '1', '2', '4', 'Desarrollador Aplicaciones Android')
INSERT INTO "PRUEBAINDIVIDUAL"."RESPUESTA" (RESPUESTA_ALUMNO, ID_PREGUNTA, ID_TEST, ID_ALUMNO, PROGRAMA) VALUES ('4', '2', '2', '4', 'Desarrollador Aplicaciones Android')
INSERT INTO "PRUEBAINDIVIDUAL"."RESPUESTA" (RESPUESTA_ALUMNO, ID_PREGUNTA, ID_TEST, ID_ALUMNO, PROGRAMA) VALUES ('2', '3', '2', '4', 'Desarrollador Aplicaciones Android')
INSERT INTO "PRUEBAINDIVIDUAL"."RESPUESTA" (RESPUESTA_ALUMNO, ID_PREGUNTA, ID_TEST, ID_ALUMNO, PROGRAMA) VALUES ('1', '4', '2', '4', 'Desarrollador Aplicaciones Android')
INSERT INTO "PRUEBAINDIVIDUAL"."RESPUESTA" (RESPUESTA_ALUMNO, ID_PREGUNTA, ID_TEST, ID_ALUMNO, PROGRAMA) VALUES ('3', '4', '2', '4', 'Desarrollador Aplicaciones Android')
INSERT INTO "PRUEBAINDIVIDUAL"."RESPUESTA" (RESPUESTA_ALUMNO, ID_PREGUNTA, ID_TEST, ID_ALUMNO, PROGRAMA) VALUES ('1', '5', '2', '4', 'Desarrollador Aplicaciones Android')
INSERT INTO "PRUEBAINDIVIDUAL"."RESPUESTA" (RESPUESTA_ALUMNO, ID_PREGUNTA, ID_TEST, ID_ALUMNO, PROGRAMA) VALUES ('1', '6', '2', '4', 'Desarrollador Aplicaciones Android')
INSERT INTO "PRUEBAINDIVIDUAL"."RESPUESTA" (RESPUESTA_ALUMNO, ID_PREGUNTA, ID_TEST, ID_ALUMNO, PROGRAMA) VALUES ('3', '7', '2', '4', 'Desarrollador Aplicaciones Android')
INSERT INTO "PRUEBAINDIVIDUAL"."RESPUESTA" (RESPUESTA_ALUMNO, ID_PREGUNTA, ID_TEST, ID_ALUMNO, PROGRAMA) VALUES ('4', '8', '2', '4', 'Desarrollador Aplicaciones Android')
INSERT INTO "PRUEBAINDIVIDUAL"."RESPUESTA" (RESPUESTA_ALUMNO, ID_PREGUNTA, ID_TEST, ID_ALUMNO, PROGRAMA) VALUES ('2', '9', '2', '4', 'Desarrollador Aplicaciones Android')
INSERT INTO "PRUEBAINDIVIDUAL"."RESPUESTA" (RESPUESTA_ALUMNO, ID_PREGUNTA, ID_TEST, ID_ALUMNO, PROGRAMA) VALUES ('3', '10', '2', '4', 'Desarrollador Aplicaciones Android')

Confirmación Correcta


INSERT INTO "PRUEBAINDIVIDUAL"."RESPUESTA" (RESPUESTA_ALUMNO, ID_PREGUNTA, ID_TEST, ID_ALUMNO, PROGRAMA) VALUES ('2', '1', '2', '5', 'Desarrollador Aplicaciones Android')
INSERT INTO "PRUEBAINDIVIDUAL"."RESPUESTA" (RESPUESTA_ALUMNO, ID_PREGUNTA, ID_TEST, ID_ALUMNO, PROGRAMA) VALUES ('4', '1', '2', '5', 'Desarrollador Aplicaciones Android')
INSERT INTO "PRUEBAINDIVIDUAL"."RESPUESTA" (RESPUESTA_ALUMNO, ID_PREGUNTA, ID_TEST, ID_ALUMNO, PROGRAMA) VALUES ('1', '2', '2', '5', 'Desarrollador Aplicaciones Android')
INSERT INTO "PRUEBAINDIVIDUAL"."RESPUESTA" (RESPUESTA_ALUMNO, ID_PREGUNTA, ID_TEST, ID_ALUMNO, PROGRAMA) VALUES ('4', '2', '2', '5', 'Desarrollador Aplicaciones Android')
INSERT INTO "PRUEBAINDIVIDUAL"."RESPUESTA" (RESPUESTA_ALUMNO, ID_PREGUNTA, ID_TEST, ID_ALUMNO, PROGRAMA) VALUES ('2', '3', '2', '5', 'Desarrollador Aplicaciones Android')
INSERT INTO "PRUEBAINDIVIDUAL"."RESPUESTA" (RESPUESTA_ALUMNO, ID_PREGUNTA, ID_TEST, ID_ALUMNO, PROGRAMA) VALUES ('3', '4', '2', '5', 'Desarrollador Aplicaciones Android')
INSERT INTO "PRUEBAINDIVIDUAL"."RESPUESTA" (RESPUESTA_ALUMNO, ID_PREGUNTA, ID_TEST, ID_ALUMNO, PROGRAMA) VALUES ('4', '4', '2', '5', 'Desarrollador Aplicaciones Android')
INSERT INTO "PRUEBAINDIVIDUAL"."RESPUESTA" (RESPUESTA_ALUMNO, ID_PREGUNTA, ID_TEST, ID_ALUMNO, PROGRAMA) VALUES ('1', '5', '2', '5', 'Desarrollador Aplicaciones Android')
INSERT INTO "PRUEBAINDIVIDUAL"."RESPUESTA" (RESPUESTA_ALUMNO, ID_PREGUNTA, ID_TEST, ID_ALUMNO, PROGRAMA) VALUES ('1', '6', '2', '5', 'Desarrollador Aplicaciones Android')
INSERT INTO "PRUEBAINDIVIDUAL"."RESPUESTA" (RESPUESTA_ALUMNO, ID_PREGUNTA, ID_TEST, ID_ALUMNO, PROGRAMA) VALUES ('2', '7', '2', '5', 'Desarrollador Aplicaciones Android')
INSERT INTO "PRUEBAINDIVIDUAL"."RESPUESTA" (RESPUESTA_ALUMNO, ID_PREGUNTA, ID_TEST, ID_ALUMNO, PROGRAMA) VALUES ('3', '7', '2', '5', 'Desarrollador Aplicaciones Android')
INSERT INTO "PRUEBAINDIVIDUAL"."RESPUESTA" (RESPUESTA_ALUMNO, ID_PREGUNTA, ID_TEST, ID_ALUMNO, PROGRAMA) VALUES ('2', '8', '2', '5', 'Desarrollador Aplicaciones Android')
INSERT INTO "PRUEBAINDIVIDUAL"."RESPUESTA" (RESPUESTA_ALUMNO, ID_PREGUNTA, ID_TEST, ID_ALUMNO, PROGRAMA) VALUES ('3', '8', '2', '5', 'Desarrollador Aplicaciones Android')
INSERT INTO "PRUEBAINDIVIDUAL"."RESPUESTA" (RESPUESTA_ALUMNO, ID_PREGUNTA, ID_TEST, ID_ALUMNO, PROGRAMA) VALUES ('2', '9', '2', '5', 'Desarrollador Aplicaciones Android')
INSERT INTO "PRUEBAINDIVIDUAL"."RESPUESTA" (RESPUESTA_ALUMNO, ID_PREGUNTA, ID_TEST, ID_ALUMNO, PROGRAMA) VALUES ('3', '10', '2', '5', 'Desarrollador Aplicaciones Android')

Confirmación Correcta

INSERT INTO "PRUEBAINDIVIDUAL"."RESPUESTA" (RESPUESTA_ALUMNO, ID_PREGUNTA, ID_TEST, ID_ALUMNO, PROGRAMA) VALUES ('1', '1', '2', '6', 'Desarrollador Aplicaciones Android')
INSERT INTO "PRUEBAINDIVIDUAL"."RESPUESTA" (RESPUESTA_ALUMNO, ID_PREGUNTA, ID_TEST, ID_ALUMNO, PROGRAMA) VALUES ('2', '2', '2', '6', 'Desarrollador Aplicaciones Android')
INSERT INTO "PRUEBAINDIVIDUAL"."RESPUESTA" (RESPUESTA_ALUMNO, ID_PREGUNTA, ID_TEST, ID_ALUMNO, PROGRAMA) VALUES ('4', '2', '2', '6', 'Desarrollador Aplicaciones Android')
INSERT INTO "PRUEBAINDIVIDUAL"."RESPUESTA" (RESPUESTA_ALUMNO, ID_PREGUNTA, ID_TEST, ID_ALUMNO, PROGRAMA) VALUES ('2', '3', '2', '6', 'Desarrollador Aplicaciones Android')
INSERT INTO "PRUEBAINDIVIDUAL"."RESPUESTA" (RESPUESTA_ALUMNO, ID_PREGUNTA, ID_TEST, ID_ALUMNO, PROGRAMA) VALUES ('1', '4', '2', '6', 'Desarrollador Aplicaciones Android')
INSERT INTO "PRUEBAINDIVIDUAL"."RESPUESTA" (RESPUESTA_ALUMNO, ID_PREGUNTA, ID_TEST, ID_ALUMNO, PROGRAMA) VALUES ('3', '4', '2', '6', 'Desarrollador Aplicaciones Android')
INSERT INTO "PRUEBAINDIVIDUAL"."RESPUESTA" (RESPUESTA_ALUMNO, ID_PREGUNTA, ID_TEST, ID_ALUMNO, PROGRAMA) VALUES ('2', '5', '2', '6', 'Desarrollador Aplicaciones Android')
INSERT INTO "PRUEBAINDIVIDUAL"."RESPUESTA" (RESPUESTA_ALUMNO, ID_PREGUNTA, ID_TEST, ID_ALUMNO, PROGRAMA) VALUES ('1', '6', '2', '6', 'Desarrollador Aplicaciones Android')
INSERT INTO "PRUEBAINDIVIDUAL"."RESPUESTA" (RESPUESTA_ALUMNO, ID_PREGUNTA, ID_TEST, ID_ALUMNO, PROGRAMA) VALUES ('2', '7', '2', '6', 'Desarrollador Aplicaciones Android')
INSERT INTO "PRUEBAINDIVIDUAL"."RESPUESTA" (RESPUESTA_ALUMNO, ID_PREGUNTA, ID_TEST, ID_ALUMNO, PROGRAMA) VALUES ('2', '8', '2', '6', 'Desarrollador Aplicaciones Android')
INSERT INTO "PRUEBAINDIVIDUAL"."RESPUESTA" (RESPUESTA_ALUMNO, ID_PREGUNTA, ID_TEST, ID_ALUMNO, PROGRAMA) VALUES ('2', '9', '2', '6', 'Desarrollador Aplicaciones Android')
INSERT INTO "PRUEBAINDIVIDUAL"."RESPUESTA" (RESPUESTA_ALUMNO, ID_PREGUNTA, ID_TEST, ID_ALUMNO, PROGRAMA) VALUES ('4', '10', '2', '6', 'Desarrollador Aplicaciones Android')

Confirmación Correcta

INSERT INTO "PRUEBAINDIVIDUAL"."RESPUESTA" (RESPUESTA_ALUMNO, ID_PREGUNTA, ID_TEST, ID_ALUMNO, PROGRAMA) VALUES ('2', '1', '2', '7', 'Desarrollador Aplicaciones Android')
INSERT INTO "PRUEBAINDIVIDUAL"."RESPUESTA" (RESPUESTA_ALUMNO, ID_PREGUNTA, ID_TEST, ID_ALUMNO, PROGRAMA) VALUES ('4', '2', '2', '7', 'Desarrollador Aplicaciones Android')
INSERT INTO "PRUEBAINDIVIDUAL"."RESPUESTA" (RESPUESTA_ALUMNO, ID_PREGUNTA, ID_TEST, ID_ALUMNO, PROGRAMA) VALUES ('2', '3', '2', '7', 'Desarrollador Aplicaciones Android')
INSERT INTO "PRUEBAINDIVIDUAL"."RESPUESTA" (RESPUESTA_ALUMNO, ID_PREGUNTA, ID_TEST, ID_ALUMNO, PROGRAMA) VALUES ('2', '4', '2', '7', 'Desarrollador Aplicaciones Android')
INSERT INTO "PRUEBAINDIVIDUAL"."RESPUESTA" (RESPUESTA_ALUMNO, ID_PREGUNTA, ID_TEST, ID_ALUMNO, PROGRAMA) VALUES ('1', '5', '2', '7', 'Desarrollador Aplicaciones Android')
INSERT INTO "PRUEBAINDIVIDUAL"."RESPUESTA" (RESPUESTA_ALUMNO, ID_PREGUNTA, ID_TEST, ID_ALUMNO, PROGRAMA) VALUES ('3', '6', '2', '7', 'Desarrollador Aplicaciones Android')
INSERT INTO "PRUEBAINDIVIDUAL"."RESPUESTA" (RESPUESTA_ALUMNO, ID_PREGUNTA, ID_TEST, ID_ALUMNO, PROGRAMA) VALUES ('1', '7', '2', '7', 'Desarrollador Aplicaciones Android')
INSERT INTO "PRUEBAINDIVIDUAL"."RESPUESTA" (RESPUESTA_ALUMNO, ID_PREGUNTA, ID_TEST, ID_ALUMNO, PROGRAMA) VALUES ('4', '8', '2', '7', 'Desarrollador Aplicaciones Android')

Confirmación Correcta

INSERT INTO "PRUEBAINDIVIDUAL"."RESPUESTA" (RESPUESTA_ALUMNO, ID_PREGUNTA, ID_TEST, ID_ALUMNO, PROGRAMA) VALUES ('1', '1', '2', '8', 'Desarrollador Aplicaciones Android')
INSERT INTO "PRUEBAINDIVIDUAL"."RESPUESTA" (RESPUESTA_ALUMNO, ID_PREGUNTA, ID_TEST, ID_ALUMNO, PROGRAMA) VALUES ('2', '1', '2', '8', 'Desarrollador Aplicaciones Android')
INSERT INTO "PRUEBAINDIVIDUAL"."RESPUESTA" (RESPUESTA_ALUMNO, ID_PREGUNTA, ID_TEST, ID_ALUMNO, PROGRAMA) VALUES ('3', '2', '2', '8', 'Desarrollador Aplicaciones Android')
INSERT INTO "PRUEBAINDIVIDUAL"."RESPUESTA" (RESPUESTA_ALUMNO, ID_PREGUNTA, ID_TEST, ID_ALUMNO, PROGRAMA) VALUES ('4', '2', '2', '8', 'Desarrollador Aplicaciones Android')
INSERT INTO "PRUEBAINDIVIDUAL"."RESPUESTA" (RESPUESTA_ALUMNO, ID_PREGUNTA, ID_TEST, ID_ALUMNO, PROGRAMA) VALUES ('1', '3', '2', '8', 'Desarrollador Aplicaciones Android')
INSERT INTO "PRUEBAINDIVIDUAL"."RESPUESTA" (RESPUESTA_ALUMNO, ID_PREGUNTA, ID_TEST, ID_ALUMNO, PROGRAMA) VALUES ('2', '4', '2', '8', 'Desarrollador Aplicaciones Android')
INSERT INTO "PRUEBAINDIVIDUAL"."RESPUESTA" (RESPUESTA_ALUMNO, ID_PREGUNTA, ID_TEST, ID_ALUMNO, PROGRAMA) VALUES ('3', '4', '2', '8', 'Desarrollador Aplicaciones Android')
INSERT INTO "PRUEBAINDIVIDUAL"."RESPUESTA" (RESPUESTA_ALUMNO, ID_PREGUNTA, ID_TEST, ID_ALUMNO, PROGRAMA) VALUES ('1', '5', '2', '8', 'Desarrollador Aplicaciones Android')
INSERT INTO "PRUEBAINDIVIDUAL"."RESPUESTA" (RESPUESTA_ALUMNO, ID_PREGUNTA, ID_TEST, ID_ALUMNO, PROGRAMA) VALUES ('2', '6', '2', '8', 'Desarrollador Aplicaciones Android')
INSERT INTO "PRUEBAINDIVIDUAL"."RESPUESTA" (RESPUESTA_ALUMNO, ID_PREGUNTA, ID_TEST, ID_ALUMNO, PROGRAMA) VALUES ('2', '7', '2', '8', 'Desarrollador Aplicaciones Android')
INSERT INTO "PRUEBAINDIVIDUAL"."RESPUESTA" (RESPUESTA_ALUMNO, ID_PREGUNTA, ID_TEST, ID_ALUMNO, PROGRAMA) VALUES ('4', '7', '2', '8', 'Desarrollador Aplicaciones Android')
INSERT INTO "PRUEBAINDIVIDUAL"."RESPUESTA" (RESPUESTA_ALUMNO, ID_PREGUNTA, ID_TEST, ID_ALUMNO, PROGRAMA) VALUES ('1', '8', '2', '8', 'Desarrollador Aplicaciones Android')
INSERT INTO "PRUEBAINDIVIDUAL"."RESPUESTA" (RESPUESTA_ALUMNO, ID_PREGUNTA, ID_TEST, ID_ALUMNO, PROGRAMA) VALUES ('3', '8', '2', '8', 'Desarrollador Aplicaciones Android')
INSERT INTO "PRUEBAINDIVIDUAL"."RESPUESTA" (RESPUESTA_ALUMNO, ID_PREGUNTA, ID_TEST, ID_ALUMNO, PROGRAMA) VALUES ('1', '9', '2', '8', 'Desarrollador Aplicaciones Android')
INSERT INTO "PRUEBAINDIVIDUAL"."RESPUESTA" (RESPUESTA_ALUMNO, ID_PREGUNTA, ID_TEST, ID_ALUMNO, PROGRAMA) VALUES ('4', '10', '2', '8', 'Desarrollador Aplicaciones Android')

Confirmación Correcta

UPDATE "PRUEBAINDIVIDUAL"."PREGUNTA" SET PUNTAJE = '10' WHERE ROWID = 'AAAFBSAAEAAAAhrAAA' AND ORA_ROWSCN = '744799'
UPDATE "PRUEBAINDIVIDUAL"."PREGUNTA" SET PUNTAJE = '5' WHERE ROWID = 'AAAFBSAAEAAAAhrAAB' AND ORA_ROWSCN = '744799'
UPDATE "PRUEBAINDIVIDUAL"."PREGUNTA" SET PUNTAJE = '5' WHERE ROWID = 'AAAFBSAAEAAAAhrAAC' AND ORA_ROWSCN = '744799'
UPDATE "PRUEBAINDIVIDUAL"."PREGUNTA" SET PUNTAJE = '10' WHERE ROWID = 'AAAFBSAAEAAAAhrAAD' AND ORA_ROWSCN = '744799'
UPDATE "PRUEBAINDIVIDUAL"."PREGUNTA" SET PUNTAJE = '10' WHERE ROWID = 'AAAFBSAAEAAAAhrAAE' AND ORA_ROWSCN = '744799'
UPDATE "PRUEBAINDIVIDUAL"."PREGUNTA" SET PUNTAJE = '10' WHERE ROWID = 'AAAFBSAAEAAAAhrAAF' AND ORA_ROWSCN = '744799'
UPDATE "PRUEBAINDIVIDUAL"."PREGUNTA" SET PUNTAJE = '5' WHERE ROWID = 'AAAFBSAAEAAAAhrAAG' AND ORA_ROWSCN = '744799'
UPDATE "PRUEBAINDIVIDUAL"."PREGUNTA" SET PUNTAJE = '10' WHERE ROWID = 'AAAFBSAAEAAAAhrAAH' AND ORA_ROWSCN = '744799'
UPDATE "PRUEBAINDIVIDUAL"."PREGUNTA" SET PUNTAJE = '5' WHERE ROWID = 'AAAFBSAAEAAAAhrAAI' AND ORA_ROWSCN = '744799'
UPDATE "PRUEBAINDIVIDUAL"."PREGUNTA" SET PUNTAJE = '5' WHERE ROWID = 'AAAFBSAAEAAAAhrAAJ' AND ORA_ROWSCN = '744799'
UPDATE "PRUEBAINDIVIDUAL"."PREGUNTA" SET PUNTAJE = '10' WHERE ROWID = 'AAAFBSAAEAAAAhrAAK' AND ORA_ROWSCN = '744799'
UPDATE "PRUEBAINDIVIDUAL"."PREGUNTA" SET PUNTAJE = '10' WHERE ROWID = 'AAAFBSAAEAAAAhrAAL' AND ORA_ROWSCN = '744799'
UPDATE "PRUEBAINDIVIDUAL"."PREGUNTA" SET PUNTAJE = '5' WHERE ROWID = 'AAAFBSAAEAAAAhrAAM' AND ORA_ROWSCN = '744799'
UPDATE "PRUEBAINDIVIDUAL"."PREGUNTA" SET PUNTAJE = '10' WHERE ROWID = 'AAAFBSAAEAAAAhrAAN' AND ORA_ROWSCN = '744799'
UPDATE "PRUEBAINDIVIDUAL"."PREGUNTA" SET PUNTAJE = '5' WHERE ROWID = 'AAAFBSAAEAAAAhrAAO' AND ORA_ROWSCN = '744799'
UPDATE "PRUEBAINDIVIDUAL"."PREGUNTA" SET PUNTAJE = '5' WHERE ROWID = 'AAAFBSAAEAAAAhrAAP' AND ORA_ROWSCN = '744799'
UPDATE "PRUEBAINDIVIDUAL"."PREGUNTA" SET PUNTAJE = '10' WHERE ROWID = 'AAAFBSAAEAAAAhrAAQ' AND ORA_ROWSCN = '744799'
UPDATE "PRUEBAINDIVIDUAL"."PREGUNTA" SET PUNTAJE = '10' WHERE ROWID = 'AAAFBSAAEAAAAhrAAR' AND ORA_ROWSCN = '744799'
UPDATE "PRUEBAINDIVIDUAL"."PREGUNTA" SET PUNTAJE = '5' WHERE ROWID = 'AAAFBSAAEAAAAhrAAS' AND ORA_ROWSCN = '744799'
UPDATE "PRUEBAINDIVIDUAL"."PREGUNTA" SET PUNTAJE = '5' WHERE ROWID = 'AAAFBSAAEAAAAhrAAT' AND ORA_ROWSCN = '744799'

Confirmación Correcta

INSERT INTO "PRUEBAINDIVIDUAL"."RESPUESTA" (RESPUESTA_ALUMNO, ID_PREGUNTA, ID_TEST, ID_ALUMNO, PROGRAMA) VALUES ('1', '1', '2', '9', 'Desarrollador Aplicaciones Android')
INSERT INTO "PRUEBAINDIVIDUAL"."RESPUESTA" (RESPUESTA_ALUMNO, ID_PREGUNTA, ID_TEST, ID_ALUMNO, PROGRAMA) VALUES ('4', '1', '2', '9', 'Desarrollador Aplicaciones Android')
INSERT INTO "PRUEBAINDIVIDUAL"."RESPUESTA" (RESPUESTA_ALUMNO, ID_PREGUNTA, ID_TEST, ID_ALUMNO, PROGRAMA) VALUES ('1', '2', '2', '9', 'Desarrollador Aplicaciones Android')
INSERT INTO "PRUEBAINDIVIDUAL"."RESPUESTA" (RESPUESTA_ALUMNO, ID_PREGUNTA, ID_TEST, ID_ALUMNO, PROGRAMA) VALUES ('4', '2', '2', '9', 'Desarrollador Aplicaciones Android')
INSERT INTO "PRUEBAINDIVIDUAL"."RESPUESTA" (RESPUESTA_ALUMNO, ID_PREGUNTA, ID_TEST, ID_ALUMNO, PROGRAMA) VALUES ('2', '3', '2', '9', 'Desarrollador Aplicaciones Android')
INSERT INTO "PRUEBAINDIVIDUAL"."RESPUESTA" (RESPUESTA_ALUMNO, ID_PREGUNTA, ID_TEST, ID_ALUMNO, PROGRAMA) VALUES ('1', '4', '2', '9', 'Desarrollador Aplicaciones Android')
INSERT INTO "PRUEBAINDIVIDUAL"."RESPUESTA" (RESPUESTA_ALUMNO, ID_PREGUNTA, ID_TEST, ID_ALUMNO, PROGRAMA) VALUES ('2', '4', '2', '9', 'Desarrollador Aplicaciones Android')
INSERT INTO "PRUEBAINDIVIDUAL"."RESPUESTA" (RESPUESTA_ALUMNO, ID_PREGUNTA, ID_TEST, ID_ALUMNO, PROGRAMA) VALUES ('1', '5', '2', '9', 'Desarrollador Aplicaciones Android')
INSERT INTO "PRUEBAINDIVIDUAL"."RESPUESTA" (RESPUESTA_ALUMNO, ID_PREGUNTA, ID_TEST, ID_ALUMNO, PROGRAMA) VALUES ('1', '6', '2', '9', 'Desarrollador Aplicaciones Android')
INSERT INTO "PRUEBAINDIVIDUAL"."RESPUESTA" (RESPUESTA_ALUMNO, ID_PREGUNTA, ID_TEST, ID_ALUMNO, PROGRAMA) VALUES ('1', '7', '2', '9', 'Desarrollador Aplicaciones Android')
INSERT INTO "PRUEBAINDIVIDUAL"."RESPUESTA" (RESPUESTA_ALUMNO, ID_PREGUNTA, ID_TEST, ID_ALUMNO, PROGRAMA) VALUES ('3', '7', '2', '9', 'Desarrollador Aplicaciones Android')
INSERT INTO "PRUEBAINDIVIDUAL"."RESPUESTA" (RESPUESTA_ALUMNO, ID_PREGUNTA, ID_TEST, ID_ALUMNO, PROGRAMA) VALUES ('2', '8', '2', '9', 'Desarrollador Aplicaciones Android')
INSERT INTO "PRUEBAINDIVIDUAL"."RESPUESTA" (RESPUESTA_ALUMNO, ID_PREGUNTA, ID_TEST, ID_ALUMNO, PROGRAMA) VALUES ('4', '8', '2', '9', 'Desarrollador Aplicaciones Android')
INSERT INTO "PRUEBAINDIVIDUAL"."RESPUESTA" (RESPUESTA_ALUMNO, ID_PREGUNTA, ID_TEST, ID_ALUMNO, PROGRAMA) VALUES ('2', '9', '2', '9', 'Desarrollador Aplicaciones Android')
INSERT INTO "PRUEBAINDIVIDUAL"."RESPUESTA" (RESPUESTA_ALUMNO, ID_PREGUNTA, ID_TEST, ID_ALUMNO, PROGRAMA) VALUES ('3', '10', '2', '9', 'Desarrollador Aplicaciones Android')

Confirmación Correcta

INSERT INTO "PRUEBAINDIVIDUAL"."RESPUESTA" (RESPUESTA_ALUMNO, ID_PREGUNTA, ID_TEST, ID_ALUMNO, PROGRAMA) VALUES ('1', '1', '2', '10', 'Desarrollador Aplicaciones Android')
INSERT INTO "PRUEBAINDIVIDUAL"."RESPUESTA" (RESPUESTA_ALUMNO, ID_PREGUNTA, ID_TEST, ID_ALUMNO, PROGRAMA) VALUES ('1', '2', '2', '10', 'Desarrollador Aplicaciones Android')
INSERT INTO "PRUEBAINDIVIDUAL"."RESPUESTA" (RESPUESTA_ALUMNO, ID_PREGUNTA, ID_TEST, ID_ALUMNO, PROGRAMA) VALUES ('2', '2', '2', '10', 'Desarrollador Aplicaciones Android')
INSERT INTO "PRUEBAINDIVIDUAL"."RESPUESTA" (RESPUESTA_ALUMNO, ID_PREGUNTA, ID_TEST, ID_ALUMNO, PROGRAMA) VALUES ('1', '3', '2', '10', 'Desarrollador Aplicaciones Android')
INSERT INTO "PRUEBAINDIVIDUAL"."RESPUESTA" (RESPUESTA_ALUMNO, ID_PREGUNTA, ID_TEST, ID_ALUMNO, PROGRAMA) VALUES ('3', '4', '2', '10', 'Desarrollador Aplicaciones Android')
INSERT INTO "PRUEBAINDIVIDUAL"."RESPUESTA" (RESPUESTA_ALUMNO, ID_PREGUNTA, ID_TEST, ID_ALUMNO, PROGRAMA) VALUES ('2', '5', '2', '10', 'Desarrollador Aplicaciones Android')
INSERT INTO "PRUEBAINDIVIDUAL"."RESPUESTA" (RESPUESTA_ALUMNO, ID_PREGUNTA, ID_TEST, ID_ALUMNO, PROGRAMA) VALUES ('1', '6', '2', '10', 'Desarrollador Aplicaciones Android')
INSERT INTO "PRUEBAINDIVIDUAL"."RESPUESTA" (RESPUESTA_ALUMNO, ID_PREGUNTA, ID_TEST, ID_ALUMNO, PROGRAMA) VALUES ('2', '7', '2', '10', 'Desarrollador Aplicaciones Android')
INSERT INTO "PRUEBAINDIVIDUAL"."RESPUESTA" (RESPUESTA_ALUMNO, ID_PREGUNTA, ID_TEST, ID_ALUMNO, PROGRAMA) VALUES ('4', '7', '2', '10', 'Desarrollador Aplicaciones Android')
INSERT INTO "PRUEBAINDIVIDUAL"."RESPUESTA" (RESPUESTA_ALUMNO, ID_PREGUNTA, ID_TEST, ID_ALUMNO, PROGRAMA) VALUES ('1', '8', '2', '10', 'Desarrollador Aplicaciones Android')
INSERT INTO "PRUEBAINDIVIDUAL"."RESPUESTA" (RESPUESTA_ALUMNO, ID_PREGUNTA, ID_TEST, ID_ALUMNO, PROGRAMA) VALUES ('3', '8', '2', '10', 'Desarrollador Aplicaciones Android')
INSERT INTO "PRUEBAINDIVIDUAL"."RESPUESTA" (RESPUESTA_ALUMNO, ID_PREGUNTA, ID_TEST, ID_ALUMNO, PROGRAMA) VALUES ('1', '9', '2', '10', 'Desarrollador Aplicaciones Android')
INSERT INTO "PRUEBAINDIVIDUAL"."RESPUESTA" (RESPUESTA_ALUMNO, ID_PREGUNTA, ID_TEST, ID_ALUMNO, PROGRAMA) VALUES ('1', '10', '2', '10', 'Desarrollador Aplicaciones Android')

Confirmación Correcta

UPDATE "PRUEBAINDIVIDUAL"."RESPUESTA" SET RESPUESTA_ALUMNO = '3' WHERE ROWID = 'AAAFBUAAEAAAAh7AA6' AND ORA_ROWSCN = '793280'

Confirmación Correcta

UPDATE "PRUEBAINDIVIDUAL"."RESPUESTA" SET RESPUESTA_ALUMNO = '4' WHERE ROWID = 'AAAFBUAAEAAAAh7AAm' AND ORA_ROWSCN = '805198'
UPDATE "PRUEBAINDIVIDUAL"."RESPUESTA" SET RESPUESTA_ALUMNO = '4' WHERE ROWID = 'AAAFBUAAEAAAAh7AAq' AND ORA_ROWSCN = '805198'
UPDATE "PRUEBAINDIVIDUAL"."RESPUESTA" SET RESPUESTA_ALUMNO = '3' WHERE ROWID = 'AAAFBUAAEAAAAh7AA+' AND ORA_ROWSCN = '805198'
UPDATE "PRUEBAINDIVIDUAL"."RESPUESTA" SET RESPUESTA_ALUMNO = '4' WHERE ROWID = 'AAAFBUAAEAAAAh7AA/' AND ORA_ROWSCN = '805198'
UPDATE "PRUEBAINDIVIDUAL"."RESPUESTA" SET RESPUESTA_ALUMNO = '1' WHERE ROWID = 'AAAFBUAAEAAAAh7ABP' AND ORA_ROWSCN = '805198'
UPDATE "PRUEBAINDIVIDUAL"."RESPUESTA" SET RESPUESTA_ALUMNO = '1' WHERE ROWID = 'AAAFBUAAEAAAAh7ABT' AND ORA_ROWSCN = '805198'

Confirmación Correcta

UPDATE "PRUEBAINDIVIDUAL"."RESPUESTA" SET RESPUESTA_ALUMNO = '1' WHERE ROWID = 'AAAFBUAAEAAAAh9AAJ' AND ORA_ROWSCN = '798898'
UPDATE "PRUEBAINDIVIDUAL"."RESPUESTA" SET RESPUESTA_ALUMNO = '2' WHERE ROWID = 'AAAFBUAAEAAAAh9AAM' AND ORA_ROWSCN = '798898'
INSERT INTO "PRUEBAINDIVIDUAL"."RESPUESTA" (RESPUESTA_ALUMNO, ID_PREGUNTA, ID_TEST, ID_ALUMNO, PROGRAMA) VALUES ('4', '2', '2', '4', 'Desarrollador Aplicaciones Android')

Confirmación Correcta

UPDATE "PRUEBAINDIVIDUAL"."RESPUESTA" SET RESPUESTA_ALUMNO = '1' WHERE ROWID = 'AAAFBUAAEAAAAh9AAg' AND ORA_ROWSCN = '814293'
UPDATE "PRUEBAINDIVIDUAL"."RESPUESTA" SET RESPUESTA_ALUMNO = '2' WHERE ROWID = 'AAAFBUAAEAAAAh9AAh' AND ORA_ROWSCN = '814293'

Confirmación Correcta

UPDATE "PRUEBAINDIVIDUAL"."RESPUESTA" SET NOMBRE_ALUMNO = 'Rene Perez' WHERE ROWID = 'AAAFBUAAEAAAAh7AAA' AND ORA_ROWSCN = '811288'
UPDATE "PRUEBAINDIVIDUAL"."RESPUESTA" SET NOMBRE_ALUMNO = 'Rene Perez' WHERE ROWID = 'AAAFBUAAEAAAAh7AAB' AND ORA_ROWSCN = '811288'
UPDATE "PRUEBAINDIVIDUAL"."RESPUESTA" SET NOMBRE_ALUMNO = 'Rene Perez' WHERE ROWID = 'AAAFBUAAEAAAAh7AAC' AND ORA_ROWSCN = '811288'
UPDATE "PRUEBAINDIVIDUAL"."RESPUESTA" SET NOMBRE_ALUMNO = 'Rene Perez' WHERE ROWID = 'AAAFBUAAEAAAAh7AAD' AND ORA_ROWSCN = '811288'
UPDATE "PRUEBAINDIVIDUAL"."RESPUESTA" SET NOMBRE_ALUMNO = 'Rene Perez' WHERE ROWID = 'AAAFBUAAEAAAAh7AAE' AND ORA_ROWSCN = '811288'
UPDATE "PRUEBAINDIVIDUAL"."RESPUESTA" SET NOMBRE_ALUMNO = 'Rene Perez' WHERE ROWID = 'AAAFBUAAEAAAAh7AAF' AND ORA_ROWSCN = '811288'
UPDATE "PRUEBAINDIVIDUAL"."RESPUESTA" SET NOMBRE_ALUMNO = 'Rene Perez' WHERE ROWID = 'AAAFBUAAEAAAAh7AAG' AND ORA_ROWSCN = '811288'
UPDATE "PRUEBAINDIVIDUAL"."RESPUESTA" SET NOMBRE_ALUMNO = 'Rene Perez' WHERE ROWID = 'AAAFBUAAEAAAAh7AAH' AND ORA_ROWSCN = '811288'
UPDATE "PRUEBAINDIVIDUAL"."RESPUESTA" SET NOMBRE_ALUMNO = 'Rene Perez' WHERE ROWID = 'AAAFBUAAEAAAAh7AAI' AND ORA_ROWSCN = '811288'
UPDATE "PRUEBAINDIVIDUAL"."RESPUESTA" SET NOMBRE_ALUMNO = 'Rene Perez' WHERE ROWID = 'AAAFBUAAEAAAAh7AAJ' AND ORA_ROWSCN = '811288'
UPDATE "PRUEBAINDIVIDUAL"."RESPUESTA" SET NOMBRE_ALUMNO = 'Elizabeth Valdebenito' WHERE ROWID = 'AAAFBUAAEAAAAh7AAK' AND ORA_ROWSCN = '811288'
UPDATE "PRUEBAINDIVIDUAL"."RESPUESTA" SET NOMBRE_ALUMNO = 'Elizabeth Valdebenito' WHERE ROWID = 'AAAFBUAAEAAAAh7AAL' AND ORA_ROWSCN = '811288'
UPDATE "PRUEBAINDIVIDUAL"."RESPUESTA" SET NOMBRE_ALUMNO = 'Elizabeth Valdebenito' WHERE ROWID = 'AAAFBUAAEAAAAh7AAM' AND ORA_ROWSCN = '811288'
UPDATE "PRUEBAINDIVIDUAL"."RESPUESTA" SET NOMBRE_ALUMNO = 'Elizabeth Valdebenito' WHERE ROWID = 'AAAFBUAAEAAAAh7AAN' AND ORA_ROWSCN = '811288'
UPDATE "PRUEBAINDIVIDUAL"."RESPUESTA" SET NOMBRE_ALUMNO = 'Elizabeth Valdebenito' WHERE ROWID = 'AAAFBUAAEAAAAh7AAO' AND ORA_ROWSCN = '811288'
UPDATE "PRUEBAINDIVIDUAL"."RESPUESTA" SET NOMBRE_ALUMNO = 'Elizabeth Valdebenito' WHERE ROWID = 'AAAFBUAAEAAAAh7AAP' AND ORA_ROWSCN = '811288'
UPDATE "PRUEBAINDIVIDUAL"."RESPUESTA" SET NOMBRE_ALUMNO = 'Elizabeth Valdebenito' WHERE ROWID = 'AAAFBUAAEAAAAh7AAQ' AND ORA_ROWSCN = '811288'
UPDATE "PRUEBAINDIVIDUAL"."RESPUESTA" SET NOMBRE_ALUMNO = 'Elizabeth Valdebenito' WHERE ROWID = 'AAAFBUAAEAAAAh7AAR' AND ORA_ROWSCN = '811288'
UPDATE "PRUEBAINDIVIDUAL"."RESPUESTA" SET NOMBRE_ALUMNO = 'Elizabeth Valdebenito' WHERE ROWID = 'AAAFBUAAEAAAAh7AAS' AND ORA_ROWSCN = '811288'
UPDATE "PRUEBAINDIVIDUAL"."RESPUESTA" SET NOMBRE_ALUMNO = 'Elizabeth Valdebenito' WHERE ROWID = 'AAAFBUAAEAAAAh7AAT' AND ORA_ROWSCN = '811288'
UPDATE "PRUEBAINDIVIDUAL"."RESPUESTA" SET NOMBRE_ALUMNO = 'Elizabeth Valdebenito' WHERE ROWID = 'AAAFBUAAEAAAAh7AAU' AND ORA_ROWSCN = '811288'
UPDATE "PRUEBAINDIVIDUAL"."RESPUESTA" SET NOMBRE_ALUMNO = 'Elizabeth Valdebenito' WHERE ROWID = 'AAAFBUAAEAAAAh7AAV' AND ORA_ROWSCN = '811288'
UPDATE "PRUEBAINDIVIDUAL"."RESPUESTA" SET NOMBRE_ALUMNO = 'Elizabeth Valdebenito' WHERE ROWID = 'AAAFBUAAEAAAAh7AAW' AND ORA_ROWSCN = '811288'
UPDATE "PRUEBAINDIVIDUAL"."RESPUESTA" SET NOMBRE_ALUMNO = 'Elizabeth Valdebenito' WHERE ROWID = 'AAAFBUAAEAAAAh7AAX' AND ORA_ROWSCN = '811288'
UPDATE "PRUEBAINDIVIDUAL"."RESPUESTA" SET NOMBRE_ALUMNO = 'Elizabeth Valdebenito' WHERE ROWID = 'AAAFBUAAEAAAAh7AAY' AND ORA_ROWSCN = '811288'
UPDATE "PRUEBAINDIVIDUAL"."RESPUESTA" SET NOMBRE_ALUMNO = 'Melissa Vergara' WHERE ROWID = 'AAAFBUAAEAAAAh7AAZ' AND ORA_ROWSCN = '811288'
UPDATE "PRUEBAINDIVIDUAL"."RESPUESTA" SET NOMBRE_ALUMNO = 'Melissa Vergara' WHERE ROWID = 'AAAFBUAAEAAAAh7AAa' AND ORA_ROWSCN = '811288'
UPDATE "PRUEBAINDIVIDUAL"."RESPUESTA" SET NOMBRE_ALUMNO = 'Melissa Vergara' WHERE ROWID = 'AAAFBUAAEAAAAh7AAb' AND ORA_ROWSCN = '811288'
UPDATE "PRUEBAINDIVIDUAL"."RESPUESTA" SET NOMBRE_ALUMNO = 'Melissa Vergara' WHERE ROWID = 'AAAFBUAAEAAAAh7AAc' AND ORA_ROWSCN = '811288'
UPDATE "PRUEBAINDIVIDUAL"."RESPUESTA" SET NOMBRE_ALUMNO = 'Melissa Vergara' WHERE ROWID = 'AAAFBUAAEAAAAh7AAd' AND ORA_ROWSCN = '811288'
UPDATE "PRUEBAINDIVIDUAL"."RESPUESTA" SET NOMBRE_ALUMNO = 'Melissa Vergara' WHERE ROWID = 'AAAFBUAAEAAAAh7AAe' AND ORA_ROWSCN = '811288'
UPDATE "PRUEBAINDIVIDUAL"."RESPUESTA" SET NOMBRE_ALUMNO = 'Melissa Vergara' WHERE ROWID = 'AAAFBUAAEAAAAh7AAf' AND ORA_ROWSCN = '811288'
UPDATE "PRUEBAINDIVIDUAL"."RESPUESTA" SET NOMBRE_ALUMNO = 'Melissa Vergara' WHERE ROWID = 'AAAFBUAAEAAAAh7AAg' AND ORA_ROWSCN = '811288'
UPDATE "PRUEBAINDIVIDUAL"."RESPUESTA" SET NOMBRE_ALUMNO = 'Melissa Vergara' WHERE ROWID = 'AAAFBUAAEAAAAh7AAh' AND ORA_ROWSCN = '811288'
UPDATE "PRUEBAINDIVIDUAL"."RESPUESTA" SET NOMBRE_ALUMNO = 'Melissa Vergara' WHERE ROWID = 'AAAFBUAAEAAAAh7AAi' AND ORA_ROWSCN = '811288'
UPDATE "PRUEBAINDIVIDUAL"."RESPUESTA" SET NOMBRE_ALUMNO = 'Melissa Vergara' WHERE ROWID = 'AAAFBUAAEAAAAh7AAj' AND ORA_ROWSCN = '811288'
UPDATE "PRUEBAINDIVIDUAL"."RESPUESTA" SET NOMBRE_ALUMNO = 'Melissa Vergara' WHERE ROWID = 'AAAFBUAAEAAAAh7AAk' AND ORA_ROWSCN = '811288'
UPDATE "PRUEBAINDIVIDUAL"."RESPUESTA" SET NOMBRE_ALUMNO = 'Christian Paredes' WHERE ROWID = 'AAAFBUAAEAAAAh7AAl' AND ORA_ROWSCN = '811288'
UPDATE "PRUEBAINDIVIDUAL"."RESPUESTA" SET NOMBRE_ALUMNO = 'Christian Paredes' WHERE ROWID = 'AAAFBUAAEAAAAh7AAm' AND ORA_ROWSCN = '811288'
UPDATE "PRUEBAINDIVIDUAL"."RESPUESTA" SET NOMBRE_ALUMNO = 'Christian Paredes' WHERE ROWID = 'AAAFBUAAEAAAAh7AAn' AND ORA_ROWSCN = '811288'
UPDATE "PRUEBAINDIVIDUAL"."RESPUESTA" SET NOMBRE_ALUMNO = 'Christian Paredes' WHERE ROWID = 'AAAFBUAAEAAAAh7AAo' AND ORA_ROWSCN = '811288'
UPDATE "PRUEBAINDIVIDUAL"."RESPUESTA" SET NOMBRE_ALUMNO = 'Christian Paredes' WHERE ROWID = 'AAAFBUAAEAAAAh7AAp' AND ORA_ROWSCN = '811288'
UPDATE "PRUEBAINDIVIDUAL"."RESPUESTA" SET NOMBRE_ALUMNO = 'Christian Paredes' WHERE ROWID = 'AAAFBUAAEAAAAh7AAq' AND ORA_ROWSCN = '811288'
UPDATE "PRUEBAINDIVIDUAL"."RESPUESTA" SET NOMBRE_ALUMNO = 'Christian Paredes' WHERE ROWID = 'AAAFBUAAEAAAAh7AAr' AND ORA_ROWSCN = '811288'
UPDATE "PRUEBAINDIVIDUAL"."RESPUESTA" SET NOMBRE_ALUMNO = 'Christian Paredes' WHERE ROWID = 'AAAFBUAAEAAAAh7AAs' AND ORA_ROWSCN = '811288'
UPDATE "PRUEBAINDIVIDUAL"."RESPUESTA" SET NOMBRE_ALUMNO = 'Christian Paredes' WHERE ROWID = 'AAAFBUAAEAAAAh7AAt' AND ORA_ROWSCN = '811288'
UPDATE "PRUEBAINDIVIDUAL"."RESPUESTA" SET NOMBRE_ALUMNO = 'Christian Paredes' WHERE ROWID = 'AAAFBUAAEAAAAh7AAu' AND ORA_ROWSCN = '811288'
UPDATE "PRUEBAINDIVIDUAL"."RESPUESTA" SET NOMBRE_ALUMNO = 'Christian Paredes' WHERE ROWID = 'AAAFBUAAEAAAAh7AAv' AND ORA_ROWSCN = '811288'
UPDATE "PRUEBAINDIVIDUAL"."RESPUESTA" SET NOMBRE_ALUMNO = 'Christian Paredes' WHERE ROWID = 'AAAFBUAAEAAAAh7AAw' AND ORA_ROWSCN = '811288'
UPDATE "PRUEBAINDIVIDUAL"."RESPUESTA" SET NOMBRE_ALUMNO = 'Christian Paredes' WHERE ROWID = 'AAAFBUAAEAAAAh7AAx' AND ORA_ROWSCN = '811288'
UPDATE "PRUEBAINDIVIDUAL"."RESPUESTA" SET NOMBRE_ALUMNO = 'Christian Paredes' WHERE ROWID = 'AAAFBUAAEAAAAh7AAy' AND ORA_ROWSCN = '811288'
UPDATE "PRUEBAINDIVIDUAL"."RESPUESTA" SET NOMBRE_ALUMNO = 'Christian Paredes' WHERE ROWID = 'AAAFBUAAEAAAAh7AAz' AND ORA_ROWSCN = '811288'
UPDATE "PRUEBAINDIVIDUAL"."RESPUESTA" SET NOMBRE_ALUMNO = 'Fabian Mendez' WHERE ROWID = 'AAAFBUAAEAAAAh7AA0' AND ORA_ROWSCN = '811288'
UPDATE "PRUEBAINDIVIDUAL"."RESPUESTA" SET NOMBRE_ALUMNO = 'Fabian Mendez' WHERE ROWID = 'AAAFBUAAEAAAAh7AA1' AND ORA_ROWSCN = '811288'
UPDATE "PRUEBAINDIVIDUAL"."RESPUESTA" SET NOMBRE_ALUMNO = 'Fabian Mendez' WHERE ROWID = 'AAAFBUAAEAAAAh7AA2' AND ORA_ROWSCN = '811288'
UPDATE "PRUEBAINDIVIDUAL"."RESPUESTA" SET NOMBRE_ALUMNO = 'Fabian Mendez' WHERE ROWID = 'AAAFBUAAEAAAAh7AA3' AND ORA_ROWSCN = '811288'
UPDATE "PRUEBAINDIVIDUAL"."RESPUESTA" SET NOMBRE_ALUMNO = 'Fabian Mendez' WHERE ROWID = 'AAAFBUAAEAAAAh7AA4' AND ORA_ROWSCN = '811288'
UPDATE "PRUEBAINDIVIDUAL"."RESPUESTA" SET NOMBRE_ALUMNO = 'Fabian Mendez' WHERE ROWID = 'AAAFBUAAEAAAAh7AA5' AND ORA_ROWSCN = '811288'
UPDATE "PRUEBAINDIVIDUAL"."RESPUESTA" SET NOMBRE_ALUMNO = 'Fabian Mendez' WHERE ROWID = 'AAAFBUAAEAAAAh7AA6' AND ORA_ROWSCN = '811288'
UPDATE "PRUEBAINDIVIDUAL"."RESPUESTA" SET NOMBRE_ALUMNO = 'Fabian Mendez' WHERE ROWID = 'AAAFBUAAEAAAAh7AA7' AND ORA_ROWSCN = '811288'
UPDATE "PRUEBAINDIVIDUAL"."RESPUESTA" SET NOMBRE_ALUMNO = 'Fabian Mendez' WHERE ROWID = 'AAAFBUAAEAAAAh7AA8' AND ORA_ROWSCN = '811288'
UPDATE "PRUEBAINDIVIDUAL"."RESPUESTA" SET NOMBRE_ALUMNO = 'Fabian Mendez' WHERE ROWID = 'AAAFBUAAEAAAAh7AA9' AND ORA_ROWSCN = '811288'
UPDATE "PRUEBAINDIVIDUAL"."RESPUESTA" SET NOMBRE_ALUMNO = 'Camilo Andrade' WHERE ROWID = 'AAAFBUAAEAAAAh7AA+' AND ORA_ROWSCN = '811288'
UPDATE "PRUEBAINDIVIDUAL"."RESPUESTA" SET NOMBRE_ALUMNO = 'Camilo Andrade' WHERE ROWID = 'AAAFBUAAEAAAAh7AA/' AND ORA_ROWSCN = '811288'
UPDATE "PRUEBAINDIVIDUAL"."RESPUESTA" SET NOMBRE_ALUMNO = 'Camilo Andrade' WHERE ROWID = 'AAAFBUAAEAAAAh7ABA' AND ORA_ROWSCN = '811288'
UPDATE "PRUEBAINDIVIDUAL"."RESPUESTA" SET NOMBRE_ALUMNO = 'Camilo Andrade' WHERE ROWID = 'AAAFBUAAEAAAAh7ABB' AND ORA_ROWSCN = '811288'
UPDATE "PRUEBAINDIVIDUAL"."RESPUESTA" SET NOMBRE_ALUMNO = 'Camilo Andrade' WHERE ROWID = 'AAAFBUAAEAAAAh7ABC' AND ORA_ROWSCN = '811288'
UPDATE "PRUEBAINDIVIDUAL"."RESPUESTA" SET NOMBRE_ALUMNO = 'Camilo Andrade' WHERE ROWID = 'AAAFBUAAEAAAAh7ABD' AND ORA_ROWSCN = '811288'
UPDATE "PRUEBAINDIVIDUAL"."RESPUESTA" SET NOMBRE_ALUMNO = 'Camilo Andrade' WHERE ROWID = 'AAAFBUAAEAAAAh7ABE' AND ORA_ROWSCN = '811288'
UPDATE "PRUEBAINDIVIDUAL"."RESPUESTA" SET NOMBRE_ALUMNO = 'Camilo Andrade' WHERE ROWID = 'AAAFBUAAEAAAAh7ABF' AND ORA_ROWSCN = '811288'
UPDATE "PRUEBAINDIVIDUAL"."RESPUESTA" SET NOMBRE_ALUMNO = 'Camilo Andrade' WHERE ROWID = 'AAAFBUAAEAAAAh7ABG' AND ORA_ROWSCN = '811288'
UPDATE "PRUEBAINDIVIDUAL"."RESPUESTA" SET NOMBRE_ALUMNO = 'Camilo Andrade' WHERE ROWID = 'AAAFBUAAEAAAAh7ABH' AND ORA_ROWSCN = '811288'
UPDATE "PRUEBAINDIVIDUAL"."RESPUESTA" SET NOMBRE_ALUMNO = 'Carla Matos' WHERE ROWID = 'AAAFBUAAEAAAAh7ABI' AND ORA_ROWSCN = '811288'
UPDATE "PRUEBAINDIVIDUAL"."RESPUESTA" SET NOMBRE_ALUMNO = 'Carla Matos' WHERE ROWID = 'AAAFBUAAEAAAAh7ABJ' AND ORA_ROWSCN = '811288'
UPDATE "PRUEBAINDIVIDUAL"."RESPUESTA" SET NOMBRE_ALUMNO = 'Carla Matos' WHERE ROWID = 'AAAFBUAAEAAAAh7ABK' AND ORA_ROWSCN = '811288'
UPDATE "PRUEBAINDIVIDUAL"."RESPUESTA" SET NOMBRE_ALUMNO = 'Carla Matos' WHERE ROWID = 'AAAFBUAAEAAAAh7ABL' AND ORA_ROWSCN = '811288'
UPDATE "PRUEBAINDIVIDUAL"."RESPUESTA" SET NOMBRE_ALUMNO = 'Carla Matos' WHERE ROWID = 'AAAFBUAAEAAAAh7ABM' AND ORA_ROWSCN = '811288'
UPDATE "PRUEBAINDIVIDUAL"."RESPUESTA" SET NOMBRE_ALUMNO = 'Carla Matos' WHERE ROWID = 'AAAFBUAAEAAAAh7ABN' AND ORA_ROWSCN = '811288'
UPDATE "PRUEBAINDIVIDUAL"."RESPUESTA" SET NOMBRE_ALUMNO = 'Carla Matos' WHERE ROWID = 'AAAFBUAAEAAAAh7ABO' AND ORA_ROWSCN = '811288'
UPDATE "PRUEBAINDIVIDUAL"."RESPUESTA" SET NOMBRE_ALUMNO = 'Carla Matos' WHERE ROWID = 'AAAFBUAAEAAAAh7ABP' AND ORA_ROWSCN = '811288'
UPDATE "PRUEBAINDIVIDUAL"."RESPUESTA" SET NOMBRE_ALUMNO = 'Carla Matos' WHERE ROWID = 'AAAFBUAAEAAAAh7ABQ' AND ORA_ROWSCN = '811288'
UPDATE "PRUEBAINDIVIDUAL"."RESPUESTA" SET NOMBRE_ALUMNO = 'Carla Matos' WHERE ROWID = 'AAAFBUAAEAAAAh7ABR' AND ORA_ROWSCN = '811288'
UPDATE "PRUEBAINDIVIDUAL"."RESPUESTA" SET NOMBRE_ALUMNO = 'Ariel Abarca' WHERE ROWID = 'AAAFBUAAEAAAAh7ABS' AND ORA_ROWSCN = '811288'
UPDATE "PRUEBAINDIVIDUAL"."RESPUESTA" SET NOMBRE_ALUMNO = 'Ariel Abarca' WHERE ROWID = 'AAAFBUAAEAAAAh7ABT' AND ORA_ROWSCN = '811288'
UPDATE "PRUEBAINDIVIDUAL"."RESPUESTA" SET NOMBRE_ALUMNO = 'Ariel Abarca' WHERE ROWID = 'AAAFBUAAEAAAAh7ABU' AND ORA_ROWSCN = '811288'
UPDATE "PRUEBAINDIVIDUAL"."RESPUESTA" SET NOMBRE_ALUMNO = 'Ariel Abarca' WHERE ROWID = 'AAAFBUAAEAAAAh7ABV' AND ORA_ROWSCN = '811288'
UPDATE "PRUEBAINDIVIDUAL"."RESPUESTA" SET NOMBRE_ALUMNO = 'Ariel Abarca' WHERE ROWID = 'AAAFBUAAEAAAAh7ABW' AND ORA_ROWSCN = '811288'
UPDATE "PRUEBAINDIVIDUAL"."RESPUESTA" SET NOMBRE_ALUMNO = 'Ariel Abarca' WHERE ROWID = 'AAAFBUAAEAAAAh7ABX' AND ORA_ROWSCN = '811288'
UPDATE "PRUEBAINDIVIDUAL"."RESPUESTA" SET NOMBRE_ALUMNO = 'Ariel Abarca' WHERE ROWID = 'AAAFBUAAEAAAAh7ABY' AND ORA_ROWSCN = '811288'
UPDATE "PRUEBAINDIVIDUAL"."RESPUESTA" SET NOMBRE_ALUMNO = 'Ariel Abarca' WHERE ROWID = 'AAAFBUAAEAAAAh7ABZ' AND ORA_ROWSCN = '811288'
UPDATE "PRUEBAINDIVIDUAL"."RESPUESTA" SET NOMBRE_ALUMNO = 'Ariel Abarca' WHERE ROWID = 'AAAFBUAAEAAAAh7ABa' AND ORA_ROWSCN = '811288'
UPDATE "PRUEBAINDIVIDUAL"."RESPUESTA" SET NOMBRE_ALUMNO = 'Ariel Abarca' WHERE ROWID = 'AAAFBUAAEAAAAh7ABb' AND ORA_ROWSCN = '811288'
UPDATE "PRUEBAINDIVIDUAL"."RESPUESTA" SET NOMBRE_ALUMNO = 'Ariel Abarca' WHERE ROWID = 'AAAFBUAAEAAAAh7ABc' AND ORA_ROWSCN = '811288'
UPDATE "PRUEBAINDIVIDUAL"."RESPUESTA" SET NOMBRE_ALUMNO = 'Ariel Abarca' WHERE ROWID = 'AAAFBUAAEAAAAh7ABd' AND ORA_ROWSCN = '811288'
UPDATE "PRUEBAINDIVIDUAL"."RESPUESTA" SET NOMBRE_ALUMNO = 'Ariel Abarca' WHERE ROWID = 'AAAFBUAAEAAAAh7ABe' AND ORA_ROWSCN = '811288'
UPDATE "PRUEBAINDIVIDUAL"."RESPUESTA" SET NOMBRE_ALUMNO = 'Angelica Poblete' WHERE ROWID = 'AAAFBUAAEAAAAh7ABf' AND ORA_ROWSCN = '811288'
UPDATE "PRUEBAINDIVIDUAL"."RESPUESTA" SET NOMBRE_ALUMNO = 'Angelica Poblete' WHERE ROWID = 'AAAFBUAAEAAAAh7ABg' AND ORA_ROWSCN = '811288'
UPDATE "PRUEBAINDIVIDUAL"."RESPUESTA" SET NOMBRE_ALUMNO = 'Angelica Poblete' WHERE ROWID = 'AAAFBUAAEAAAAh7ABh' AND ORA_ROWSCN = '811288'
UPDATE "PRUEBAINDIVIDUAL"."RESPUESTA" SET NOMBRE_ALUMNO = 'Angelica Poblete' WHERE ROWID = 'AAAFBUAAEAAAAh7ABi' AND ORA_ROWSCN = '811288'
UPDATE "PRUEBAINDIVIDUAL"."RESPUESTA" SET NOMBRE_ALUMNO = 'Angelica Poblete' WHERE ROWID = 'AAAFBUAAEAAAAh7ABj' AND ORA_ROWSCN = '811288'
UPDATE "PRUEBAINDIVIDUAL"."RESPUESTA" SET NOMBRE_ALUMNO = 'Angelica Poblete' WHERE ROWID = 'AAAFBUAAEAAAAh7ABk' AND ORA_ROWSCN = '811288'
UPDATE "PRUEBAINDIVIDUAL"."RESPUESTA" SET NOMBRE_ALUMNO = 'Angelica Poblete' WHERE ROWID = 'AAAFBUAAEAAAAh7ABl' AND ORA_ROWSCN = '811288'
UPDATE "PRUEBAINDIVIDUAL"."RESPUESTA" SET NOMBRE_ALUMNO = 'Angelica Poblete' WHERE ROWID = 'AAAFBUAAEAAAAh7ABm' AND ORA_ROWSCN = '811288'
UPDATE "PRUEBAINDIVIDUAL"."RESPUESTA" SET NOMBRE_ALUMNO = 'Angelica Poblete' WHERE ROWID = 'AAAFBUAAEAAAAh7ABn' AND ORA_ROWSCN = '811288'
UPDATE "PRUEBAINDIVIDUAL"."RESPUESTA" SET NOMBRE_ALUMNO = 'Angelica Poblete' WHERE ROWID = 'AAAFBUAAEAAAAh7ABo' AND ORA_ROWSCN = '811288'
UPDATE "PRUEBAINDIVIDUAL"."RESPUESTA" SET NOMBRE_ALUMNO = 'Angelica Poblete' WHERE ROWID = 'AAAFBUAAEAAAAh7ABp' AND ORA_ROWSCN = '811288'
UPDATE "PRUEBAINDIVIDUAL"."RESPUESTA" SET NOMBRE_ALUMNO = 'Carlos Valdivia' WHERE ROWID = 'AAAFBUAAEAAAAh7ABq' AND ORA_ROWSCN = '811288'
UPDATE "PRUEBAINDIVIDUAL"."RESPUESTA" SET NOMBRE_ALUMNO = 'Carlos Valdivia' WHERE ROWID = 'AAAFBUAAEAAAAh7ABr' AND ORA_ROWSCN = '811288'
UPDATE "PRUEBAINDIVIDUAL"."RESPUESTA" SET NOMBRE_ALUMNO = 'Carlos Valdivia' WHERE ROWID = 'AAAFBUAAEAAAAh7ABs' AND ORA_ROWSCN = '811288'
UPDATE "PRUEBAINDIVIDUAL"."RESPUESTA" SET NOMBRE_ALUMNO = 'Carlos Valdivia' WHERE ROWID = 'AAAFBUAAEAAAAh7ABt' AND ORA_ROWSCN = '811288'
UPDATE "PRUEBAINDIVIDUAL"."RESPUESTA" SET NOMBRE_ALUMNO = 'Carlos Valdivia' WHERE ROWID = 'AAAFBUAAEAAAAh7ABu' AND ORA_ROWSCN = '811288'
UPDATE "PRUEBAINDIVIDUAL"."RESPUESTA" SET NOMBRE_ALUMNO = 'Carlos Valdivia' WHERE ROWID = 'AAAFBUAAEAAAAh7ABv' AND ORA_ROWSCN = '811288'
UPDATE "PRUEBAINDIVIDUAL"."RESPUESTA" SET NOMBRE_ALUMNO = 'Carlos Valdivia' WHERE ROWID = 'AAAFBUAAEAAAAh7ABw' AND ORA_ROWSCN = '811288'
UPDATE "PRUEBAINDIVIDUAL"."RESPUESTA" SET NOMBRE_ALUMNO = 'Carlos Valdivia' WHERE ROWID = 'AAAFBUAAEAAAAh7ABx' AND ORA_ROWSCN = '811288'
UPDATE "PRUEBAINDIVIDUAL"."RESPUESTA" SET NOMBRE_ALUMNO = 'Carlos Valdivia' WHERE ROWID = 'AAAFBUAAEAAAAh7ABy' AND ORA_ROWSCN = '811288'
UPDATE "PRUEBAINDIVIDUAL"."RESPUESTA" SET NOMBRE_ALUMNO = 'Carlos Valdivia' WHERE ROWID = 'AAAFBUAAEAAAAh7ABz' AND ORA_ROWSCN = '811288'
UPDATE "PRUEBAINDIVIDUAL"."RESPUESTA" SET NOMBRE_ALUMNO = 'Carlos Valdivia' WHERE ROWID = 'AAAFBUAAEAAAAh7AB0' AND ORA_ROWSCN = '811288'
UPDATE "PRUEBAINDIVIDUAL"."RESPUESTA" SET NOMBRE_ALUMNO = 'Carlos Valdivia' WHERE ROWID = 'AAAFBUAAEAAAAh7AB1' AND ORA_ROWSCN = '811288'
UPDATE "PRUEBAINDIVIDUAL"."RESPUESTA" SET NOMBRE_ALUMNO = 'Carlos Valdivia' WHERE ROWID = 'AAAFBUAAEAAAAh7AB2' AND ORA_ROWSCN = '811288'
UPDATE "PRUEBAINDIVIDUAL"."RESPUESTA" SET NOMBRE_ALUMNO = 'Carlos Valdivia' WHERE ROWID = 'AAAFBUAAEAAAAh7AB3' AND ORA_ROWSCN = '811288'
UPDATE "PRUEBAINDIVIDUAL"."RESPUESTA" SET NOMBRE_ALUMNO = 'Carlos Valdivia' WHERE ROWID = 'AAAFBUAAEAAAAh7AB4' AND ORA_ROWSCN = '811288'
UPDATE "PRUEBAINDIVIDUAL"."RESPUESTA" SET NOMBRE_ALUMNO = 'Andrea Salas' WHERE ROWID = 'AAAFBUAAEAAAAh7AB5' AND ORA_ROWSCN = '811288'
UPDATE "PRUEBAINDIVIDUAL"."RESPUESTA" SET NOMBRE_ALUMNO = 'Andrea Salas' WHERE ROWID = 'AAAFBUAAEAAAAh7AB6' AND ORA_ROWSCN = '811288'
UPDATE "PRUEBAINDIVIDUAL"."RESPUESTA" SET NOMBRE_ALUMNO = 'Andrea Salas' WHERE ROWID = 'AAAFBUAAEAAAAh7AB7' AND ORA_ROWSCN = '811288'
UPDATE "PRUEBAINDIVIDUAL"."RESPUESTA" SET NOMBRE_ALUMNO = 'Andrea Salas' WHERE ROWID = 'AAAFBUAAEAAAAh7AB8' AND ORA_ROWSCN = '811288'
UPDATE "PRUEBAINDIVIDUAL"."RESPUESTA" SET NOMBRE_ALUMNO = 'Andrea Salas' WHERE ROWID = 'AAAFBUAAEAAAAh7AB9' AND ORA_ROWSCN = '811288'
UPDATE "PRUEBAINDIVIDUAL"."RESPUESTA" SET NOMBRE_ALUMNO = 'Andrea Salas' WHERE ROWID = 'AAAFBUAAEAAAAh7AB+' AND ORA_ROWSCN = '811288'
UPDATE "PRUEBAINDIVIDUAL"."RESPUESTA" SET NOMBRE_ALUMNO = 'Andrea Salas' WHERE ROWID = 'AAAFBUAAEAAAAh7AB/' AND ORA_ROWSCN = '811288'
UPDATE "PRUEBAINDIVIDUAL"."RESPUESTA" SET NOMBRE_ALUMNO = 'Andrea Salas' WHERE ROWID = 'AAAFBUAAEAAAAh7ACA' AND ORA_ROWSCN = '811288'
UPDATE "PRUEBAINDIVIDUAL"."RESPUESTA" SET NOMBRE_ALUMNO = 'Andrea Salas' WHERE ROWID = 'AAAFBUAAEAAAAh7ACB' AND ORA_ROWSCN = '811288'
UPDATE "PRUEBAINDIVIDUAL"."RESPUESTA" SET NOMBRE_ALUMNO = 'Andrea Salas' WHERE ROWID = 'AAAFBUAAEAAAAh7ACC' AND ORA_ROWSCN = '811288'
UPDATE "PRUEBAINDIVIDUAL"."RESPUESTA" SET NOMBRE_ALUMNO = 'Andrea Salas' WHERE ROWID = 'AAAFBUAAEAAAAh7ACD' AND ORA_ROWSCN = '811288'
UPDATE "PRUEBAINDIVIDUAL"."RESPUESTA" SET NOMBRE_ALUMNO = 'Andrea Salas' WHERE ROWID = 'AAAFBUAAEAAAAh7ACE' AND ORA_ROWSCN = '811288'
UPDATE "PRUEBAINDIVIDUAL"."RESPUESTA" SET NOMBRE_ALUMNO = 'Andrea Salas' WHERE ROWID = 'AAAFBUAAEAAAAh7ACF' AND ORA_ROWSCN = '811288'
UPDATE "PRUEBAINDIVIDUAL"."RESPUESTA" SET NOMBRE_ALUMNO = 'Andrea Salas' WHERE ROWID = 'AAAFBUAAEAAAAh7ACG' AND ORA_ROWSCN = '811288'
UPDATE "PRUEBAINDIVIDUAL"."RESPUESTA" SET NOMBRE_ALUMNO = 'Andrea Salas' WHERE ROWID = 'AAAFBUAAEAAAAh7ACH' AND ORA_ROWSCN = '811288'
UPDATE "PRUEBAINDIVIDUAL"."RESPUESTA" SET NOMBRE_ALUMNO = 'Fabian Aravena' WHERE ROWID = 'AAAFBUAAEAAAAh7ACI' AND ORA_ROWSCN = '811288'
UPDATE "PRUEBAINDIVIDUAL"."RESPUESTA" SET NOMBRE_ALUMNO = 'Fabian Aravena' WHERE ROWID = 'AAAFBUAAEAAAAh7ACJ' AND ORA_ROWSCN = '811288'
UPDATE "PRUEBAINDIVIDUAL"."RESPUESTA" SET NOMBRE_ALUMNO = 'Fabian Aravena' WHERE ROWID = 'AAAFBUAAEAAAAh7ACK' AND ORA_ROWSCN = '811288'
UPDATE "PRUEBAINDIVIDUAL"."RESPUESTA" SET NOMBRE_ALUMNO = 'Fabian Aravena' WHERE ROWID = 'AAAFBUAAEAAAAh7ACL' AND ORA_ROWSCN = '811288'
UPDATE "PRUEBAINDIVIDUAL"."RESPUESTA" SET NOMBRE_ALUMNO = 'Fabian Aravena' WHERE ROWID = 'AAAFBUAAEAAAAh7ACM' AND ORA_ROWSCN = '811288'
UPDATE "PRUEBAINDIVIDUAL"."RESPUESTA" SET NOMBRE_ALUMNO = 'Fabian Aravena' WHERE ROWID = 'AAAFBUAAEAAAAh7ACN' AND ORA_ROWSCN = '811288'
UPDATE "PRUEBAINDIVIDUAL"."RESPUESTA" SET NOMBRE_ALUMNO = 'Fabian Aravena' WHERE ROWID = 'AAAFBUAAEAAAAh7ACO' AND ORA_ROWSCN = '811288'
UPDATE "PRUEBAINDIVIDUAL"."RESPUESTA" SET NOMBRE_ALUMNO = 'Fabian Aravena' WHERE ROWID = 'AAAFBUAAEAAAAh7ACP' AND ORA_ROWSCN = '811288'
UPDATE "PRUEBAINDIVIDUAL"."RESPUESTA" SET NOMBRE_ALUMNO = 'Fabian Aravena' WHERE ROWID = 'AAAFBUAAEAAAAh7ACQ' AND ORA_ROWSCN = '811288'
UPDATE "PRUEBAINDIVIDUAL"."RESPUESTA" SET NOMBRE_ALUMNO = 'Fabian Aravena' WHERE ROWID = 'AAAFBUAAEAAAAh7ACR' AND ORA_ROWSCN = '811288'
UPDATE "PRUEBAINDIVIDUAL"."RESPUESTA" SET NOMBRE_ALUMNO = 'Fabian Aravena' WHERE ROWID = 'AAAFBUAAEAAAAh7ACS' AND ORA_ROWSCN = '811288'
UPDATE "PRUEBAINDIVIDUAL"."RESPUESTA" SET NOMBRE_ALUMNO = 'Fabian Aravena' WHERE ROWID = 'AAAFBUAAEAAAAh7ACT' AND ORA_ROWSCN = '811288'
UPDATE "PRUEBAINDIVIDUAL"."RESPUESTA" SET NOMBRE_ALUMNO = 'Fabian Aravena' WHERE ROWID = 'AAAFBUAAEAAAAh7ACU' AND ORA_ROWSCN = '811288'
UPDATE "PRUEBAINDIVIDUAL"."RESPUESTA" SET NOMBRE_ALUMNO = 'Mario Vidal' WHERE ROWID = 'AAAFBUAAEAAAAh7ACV' AND ORA_ROWSCN = '811288'
UPDATE "PRUEBAINDIVIDUAL"."RESPUESTA" SET NOMBRE_ALUMNO = 'Mario Vidal' WHERE ROWID = 'AAAFBUAAEAAAAh7ACW' AND ORA_ROWSCN = '811288'
UPDATE "PRUEBAINDIVIDUAL"."RESPUESTA" SET NOMBRE_ALUMNO = 'Mario Vidal' WHERE ROWID = 'AAAFBUAAEAAAAh8AAA' AND ORA_ROWSCN = '793280'
UPDATE "PRUEBAINDIVIDUAL"."RESPUESTA" SET NOMBRE_ALUMNO = 'Mario Vidal' WHERE ROWID = 'AAAFBUAAEAAAAh9AAA' AND ORA_ROWSCN = '815123'
UPDATE "PRUEBAINDIVIDUAL"."RESPUESTA" SET NOMBRE_ALUMNO = 'Mario Vidal' WHERE ROWID = 'AAAFBUAAEAAAAh9AAB' AND ORA_ROWSCN = '815123'
UPDATE "PRUEBAINDIVIDUAL"."RESPUESTA" SET NOMBRE_ALUMNO = 'Mario Vidal' WHERE ROWID = 'AAAFBUAAEAAAAh9AAC' AND ORA_ROWSCN = '815123'
UPDATE "PRUEBAINDIVIDUAL"."RESPUESTA" SET NOMBRE_ALUMNO = 'Mario Vidal' WHERE ROWID = 'AAAFBUAAEAAAAh9AAD' AND ORA_ROWSCN = '815123'
UPDATE "PRUEBAINDIVIDUAL"."RESPUESTA" SET NOMBRE_ALUMNO = 'Mario Vidal' WHERE ROWID = 'AAAFBUAAEAAAAh9AAE' AND ORA_ROWSCN = '815123'
UPDATE "PRUEBAINDIVIDUAL"."RESPUESTA" SET NOMBRE_ALUMNO = 'Mario Vidal' WHERE ROWID = 'AAAFBUAAEAAAAh9AAF' AND ORA_ROWSCN = '815123'
UPDATE "PRUEBAINDIVIDUAL"."RESPUESTA" SET NOMBRE_ALUMNO = 'Mario Vidal' WHERE ROWID = 'AAAFBUAAEAAAAh9AAG' AND ORA_ROWSCN = '815123'
UPDATE "PRUEBAINDIVIDUAL"."RESPUESTA" SET NOMBRE_ALUMNO = 'Claudia Rodriguez' WHERE ROWID = 'AAAFBUAAEAAAAh9AAH' AND ORA_ROWSCN = '815123'
UPDATE "PRUEBAINDIVIDUAL"."RESPUESTA" SET NOMBRE_ALUMNO = 'Claudia Rodriguez' WHERE ROWID = 'AAAFBUAAEAAAAh9AAI' AND ORA_ROWSCN = '815123'
UPDATE "PRUEBAINDIVIDUAL"."RESPUESTA" SET NOMBRE_ALUMNO = 'Claudia Rodriguez' WHERE ROWID = 'AAAFBUAAEAAAAh9AAJ' AND ORA_ROWSCN = '815123'
UPDATE "PRUEBAINDIVIDUAL"."RESPUESTA" SET NOMBRE_ALUMNO = 'Claudia Rodriguez' WHERE ROWID = 'AAAFBUAAEAAAAh9AAK' AND ORA_ROWSCN = '815123'
UPDATE "PRUEBAINDIVIDUAL"."RESPUESTA" SET NOMBRE_ALUMNO = 'Claudia Rodriguez' WHERE ROWID = 'AAAFBUAAEAAAAh9AAL' AND ORA_ROWSCN = '815123'
UPDATE "PRUEBAINDIVIDUAL"."RESPUESTA" SET NOMBRE_ALUMNO = 'Claudia Rodriguez' WHERE ROWID = 'AAAFBUAAEAAAAh9AAM' AND ORA_ROWSCN = '815123'
UPDATE "PRUEBAINDIVIDUAL"."RESPUESTA" SET NOMBRE_ALUMNO = 'Claudia Rodriguez' WHERE ROWID = 'AAAFBUAAEAAAAh9AAN' AND ORA_ROWSCN = '815123'
UPDATE "PRUEBAINDIVIDUAL"."RESPUESTA" SET NOMBRE_ALUMNO = 'Claudia Rodriguez' WHERE ROWID = 'AAAFBUAAEAAAAh9AAO' AND ORA_ROWSCN = '815123'
UPDATE "PRUEBAINDIVIDUAL"."RESPUESTA" SET NOMBRE_ALUMNO = 'Claudia Rodriguez' WHERE ROWID = 'AAAFBUAAEAAAAh9AAP' AND ORA_ROWSCN = '815123'
UPDATE "PRUEBAINDIVIDUAL"."RESPUESTA" SET NOMBRE_ALUMNO = 'Claudia Rodriguez' WHERE ROWID = 'AAAFBUAAEAAAAh9AAQ' AND ORA_ROWSCN = '815123'
UPDATE "PRUEBAINDIVIDUAL"."RESPUESTA" SET NOMBRE_ALUMNO = 'Claudia Rodriguez' WHERE ROWID = 'AAAFBUAAEAAAAh9AAR' AND ORA_ROWSCN = '815123'
UPDATE "PRUEBAINDIVIDUAL"."RESPUESTA" SET NOMBRE_ALUMNO = 'Claudia Rodriguez' WHERE ROWID = 'AAAFBUAAEAAAAh9AAS' AND ORA_ROWSCN = '815123'
UPDATE "PRUEBAINDIVIDUAL"."RESPUESTA" SET NOMBRE_ALUMNO = 'Carolina Poblete' WHERE ROWID = 'AAAFBUAAEAAAAh9AAT' AND ORA_ROWSCN = '815123'
UPDATE "PRUEBAINDIVIDUAL"."RESPUESTA" SET NOMBRE_ALUMNO = 'Carolina Poblete' WHERE ROWID = 'AAAFBUAAEAAAAh9AAU' AND ORA_ROWSCN = '815123'
UPDATE "PRUEBAINDIVIDUAL"."RESPUESTA" SET NOMBRE_ALUMNO = 'Carolina Poblete' WHERE ROWID = 'AAAFBUAAEAAAAh9AAV' AND ORA_ROWSCN = '815123'
UPDATE "PRUEBAINDIVIDUAL"."RESPUESTA" SET NOMBRE_ALUMNO = 'Carolina Poblete' WHERE ROWID = 'AAAFBUAAEAAAAh9AAW' AND ORA_ROWSCN = '815123'
UPDATE "PRUEBAINDIVIDUAL"."RESPUESTA" SET NOMBRE_ALUMNO = 'Carolina Poblete' WHERE ROWID = 'AAAFBUAAEAAAAh9AAX' AND ORA_ROWSCN = '815123'
UPDATE "PRUEBAINDIVIDUAL"."RESPUESTA" SET NOMBRE_ALUMNO = 'Carolina Poblete' WHERE ROWID = 'AAAFBUAAEAAAAh9AAY' AND ORA_ROWSCN = '815123'
UPDATE "PRUEBAINDIVIDUAL"."RESPUESTA" SET NOMBRE_ALUMNO = 'Carolina Poblete' WHERE ROWID = 'AAAFBUAAEAAAAh9AAZ' AND ORA_ROWSCN = '815123'
UPDATE "PRUEBAINDIVIDUAL"."RESPUESTA" SET NOMBRE_ALUMNO = 'Carolina Poblete' WHERE ROWID = 'AAAFBUAAEAAAAh9AAa' AND ORA_ROWSCN = '815123'
UPDATE "PRUEBAINDIVIDUAL"."RESPUESTA" SET NOMBRE_ALUMNO = 'Carolina Poblete' WHERE ROWID = 'AAAFBUAAEAAAAh9AAb' AND ORA_ROWSCN = '815123'
UPDATE "PRUEBAINDIVIDUAL"."RESPUESTA" SET NOMBRE_ALUMNO = 'Carolina Poblete' WHERE ROWID = 'AAAFBUAAEAAAAh9AAc' AND ORA_ROWSCN = '815123'
UPDATE "PRUEBAINDIVIDUAL"."RESPUESTA" SET NOMBRE_ALUMNO = 'Carolina Poblete' WHERE ROWID = 'AAAFBUAAEAAAAh9AAd' AND ORA_ROWSCN = '815123'
UPDATE "PRUEBAINDIVIDUAL"."RESPUESTA" SET NOMBRE_ALUMNO = 'Carolina Poblete' WHERE ROWID = 'AAAFBUAAEAAAAh9AAe' AND ORA_ROWSCN = '815123'
UPDATE "PRUEBAINDIVIDUAL"."RESPUESTA" SET NOMBRE_ALUMNO = 'Carolina Poblete' WHERE ROWID = 'AAAFBUAAEAAAAh9AAf' AND ORA_ROWSCN = '815123'
UPDATE "PRUEBAINDIVIDUAL"."RESPUESTA" SET NOMBRE_ALUMNO = 'Carolina Poblete' WHERE ROWID = 'AAAFBUAAEAAAAh9AAg' AND ORA_ROWSCN = '815123'
UPDATE "PRUEBAINDIVIDUAL"."RESPUESTA" SET NOMBRE_ALUMNO = 'Carolina Poblete' WHERE ROWID = 'AAAFBUAAEAAAAh9AAh' AND ORA_ROWSCN = '815123'
UPDATE "PRUEBAINDIVIDUAL"."RESPUESTA" SET NOMBRE_ALUMNO = 'Marco Carmona' WHERE ROWID = 'AAAFBUAAEAAAAh9AAi' AND ORA_ROWSCN = '815123'
UPDATE "PRUEBAINDIVIDUAL"."RESPUESTA" SET NOMBRE_ALUMNO = 'Marco Carmona' WHERE ROWID = 'AAAFBUAAEAAAAh9AAj' AND ORA_ROWSCN = '815123'
UPDATE "PRUEBAINDIVIDUAL"."RESPUESTA" SET NOMBRE_ALUMNO = 'Marco Carmona' WHERE ROWID = 'AAAFBUAAEAAAAh9AAk' AND ORA_ROWSCN = '815123'
UPDATE "PRUEBAINDIVIDUAL"."RESPUESTA" SET NOMBRE_ALUMNO = 'Marco Carmona' WHERE ROWID = 'AAAFBUAAEAAAAh9AAl' AND ORA_ROWSCN = '815123'
UPDATE "PRUEBAINDIVIDUAL"."RESPUESTA" SET NOMBRE_ALUMNO = 'Marco Carmona' WHERE ROWID = 'AAAFBUAAEAAAAh9AAm' AND ORA_ROWSCN = '815123'
UPDATE "PRUEBAINDIVIDUAL"."RESPUESTA" SET NOMBRE_ALUMNO = 'Marco Carmona' WHERE ROWID = 'AAAFBUAAEAAAAh9AAn' AND ORA_ROWSCN = '815123'
UPDATE "PRUEBAINDIVIDUAL"."RESPUESTA" SET NOMBRE_ALUMNO = 'Marco Carmona' WHERE ROWID = 'AAAFBUAAEAAAAh9AAo' AND ORA_ROWSCN = '815123'
UPDATE "PRUEBAINDIVIDUAL"."RESPUESTA" SET NOMBRE_ALUMNO = 'Marco Carmona' WHERE ROWID = 'AAAFBUAAEAAAAh9AAp' AND ORA_ROWSCN = '815123'
UPDATE "PRUEBAINDIVIDUAL"."RESPUESTA" SET NOMBRE_ALUMNO = 'Marco Carmona' WHERE ROWID = 'AAAFBUAAEAAAAh9AAq' AND ORA_ROWSCN = '815123'
UPDATE "PRUEBAINDIVIDUAL"."RESPUESTA" SET NOMBRE_ALUMNO = 'Marco Carmona' WHERE ROWID = 'AAAFBUAAEAAAAh9AAr' AND ORA_ROWSCN = '815123'
UPDATE "PRUEBAINDIVIDUAL"."RESPUESTA" SET NOMBRE_ALUMNO = 'Marco Carmona' WHERE ROWID = 'AAAFBUAAEAAAAh9AAs' AND ORA_ROWSCN = '815123'
UPDATE "PRUEBAINDIVIDUAL"."RESPUESTA" SET NOMBRE_ALUMNO = 'Marco Carmona' WHERE ROWID = 'AAAFBUAAEAAAAh9AAt' AND ORA_ROWSCN = '815123'
UPDATE "PRUEBAINDIVIDUAL"."RESPUESTA" SET NOMBRE_ALUMNO = 'Juan Bravo' WHERE ROWID = 'AAAFBUAAEAAAAh9AAu' AND ORA_ROWSCN = '815123'
UPDATE "PRUEBAINDIVIDUAL"."RESPUESTA" SET NOMBRE_ALUMNO = 'Juan Bravo' WHERE ROWID = 'AAAFBUAAEAAAAh9AAv' AND ORA_ROWSCN = '815123'
UPDATE "PRUEBAINDIVIDUAL"."RESPUESTA" SET NOMBRE_ALUMNO = 'Juan Bravo' WHERE ROWID = 'AAAFBUAAEAAAAh9AAw' AND ORA_ROWSCN = '815123'
UPDATE "PRUEBAINDIVIDUAL"."RESPUESTA" SET NOMBRE_ALUMNO = 'Juan Bravo' WHERE ROWID = 'AAAFBUAAEAAAAh9AAx' AND ORA_ROWSCN = '815123'
UPDATE "PRUEBAINDIVIDUAL"."RESPUESTA" SET NOMBRE_ALUMNO = 'Juan Bravo' WHERE ROWID = 'AAAFBUAAEAAAAh9AAy' AND ORA_ROWSCN = '815123'
UPDATE "PRUEBAINDIVIDUAL"."RESPUESTA" SET NOMBRE_ALUMNO = 'Juan Bravo' WHERE ROWID = 'AAAFBUAAEAAAAh9AAz' AND ORA_ROWSCN = '815123'
UPDATE "PRUEBAINDIVIDUAL"."RESPUESTA" SET NOMBRE_ALUMNO = 'Juan Bravo' WHERE ROWID = 'AAAFBUAAEAAAAh9AA0' AND ORA_ROWSCN = '815123'
UPDATE "PRUEBAINDIVIDUAL"."RESPUESTA" SET NOMBRE_ALUMNO = 'Juan Bravo' WHERE ROWID = 'AAAFBUAAEAAAAh9AA1' AND ORA_ROWSCN = '815123'
UPDATE "PRUEBAINDIVIDUAL"."RESPUESTA" SET NOMBRE_ALUMNO = 'Catalina Lopez' WHERE ROWID = 'AAAFBUAAEAAAAh9AA2' AND ORA_ROWSCN = '815123'
UPDATE "PRUEBAINDIVIDUAL"."RESPUESTA" SET NOMBRE_ALUMNO = 'Catalina Lopez' WHERE ROWID = 'AAAFBUAAEAAAAh9AA3' AND ORA_ROWSCN = '815123'
UPDATE "PRUEBAINDIVIDUAL"."RESPUESTA" SET NOMBRE_ALUMNO = 'Catalina Lopez' WHERE ROWID = 'AAAFBUAAEAAAAh9AA4' AND ORA_ROWSCN = '815123'
UPDATE "PRUEBAINDIVIDUAL"."RESPUESTA" SET NOMBRE_ALUMNO = 'Catalina Lopez' WHERE ROWID = 'AAAFBUAAEAAAAh9AA5' AND ORA_ROWSCN = '815123'
UPDATE "PRUEBAINDIVIDUAL"."RESPUESTA" SET NOMBRE_ALUMNO = 'Catalina Lopez' WHERE ROWID = 'AAAFBUAAEAAAAh9AA6' AND ORA_ROWSCN = '815123'
UPDATE "PRUEBAINDIVIDUAL"."RESPUESTA" SET NOMBRE_ALUMNO = 'Catalina Lopez' WHERE ROWID = 'AAAFBUAAEAAAAh9AA7' AND ORA_ROWSCN = '815123'
UPDATE "PRUEBAINDIVIDUAL"."RESPUESTA" SET NOMBRE_ALUMNO = 'Catalina Lopez' WHERE ROWID = 'AAAFBUAAEAAAAh9AA8' AND ORA_ROWSCN = '815123'
UPDATE "PRUEBAINDIVIDUAL"."RESPUESTA" SET NOMBRE_ALUMNO = 'Catalina Lopez' WHERE ROWID = 'AAAFBUAAEAAAAh9AA9' AND ORA_ROWSCN = '815123'
UPDATE "PRUEBAINDIVIDUAL"."RESPUESTA" SET NOMBRE_ALUMNO = 'Catalina Lopez' WHERE ROWID = 'AAAFBUAAEAAAAh9AA+' AND ORA_ROWSCN = '815123'
UPDATE "PRUEBAINDIVIDUAL"."RESPUESTA" SET NOMBRE_ALUMNO = 'Catalina Lopez' WHERE ROWID = 'AAAFBUAAEAAAAh9AA/' AND ORA_ROWSCN = '815123'
UPDATE "PRUEBAINDIVIDUAL"."RESPUESTA" SET NOMBRE_ALUMNO = 'Catalina Lopez' WHERE ROWID = 'AAAFBUAAEAAAAh9ABA' AND ORA_ROWSCN = '815123'
UPDATE "PRUEBAINDIVIDUAL"."RESPUESTA" SET NOMBRE_ALUMNO = 'Catalina Lopez' WHERE ROWID = 'AAAFBUAAEAAAAh9ABB' AND ORA_ROWSCN = '815123'
UPDATE "PRUEBAINDIVIDUAL"."RESPUESTA" SET NOMBRE_ALUMNO = 'Catalina Lopez' WHERE ROWID = 'AAAFBUAAEAAAAh9ABC' AND ORA_ROWSCN = '815123'
UPDATE "PRUEBAINDIVIDUAL"."RESPUESTA" SET NOMBRE_ALUMNO = 'Catalina Lopez' WHERE ROWID = 'AAAFBUAAEAAAAh9ABD' AND ORA_ROWSCN = '815123'
UPDATE "PRUEBAINDIVIDUAL"."RESPUESTA" SET NOMBRE_ALUMNO = 'Catalina Lopez' WHERE ROWID = 'AAAFBUAAEAAAAh9ABE' AND ORA_ROWSCN = '815123'
UPDATE "PRUEBAINDIVIDUAL"."RESPUESTA" SET NOMBRE_ALUMNO = 'Sebastian Gallardo' WHERE ROWID = 'AAAFBUAAEAAAAh9ABF' AND ORA_ROWSCN = '815123'
UPDATE "PRUEBAINDIVIDUAL"."RESPUESTA" SET NOMBRE_ALUMNO = 'Sebastian Gallardo' WHERE ROWID = 'AAAFBUAAEAAAAh9ABG' AND ORA_ROWSCN = '815123'
UPDATE "PRUEBAINDIVIDUAL"."RESPUESTA" SET NOMBRE_ALUMNO = 'Sebastian Gallardo' WHERE ROWID = 'AAAFBUAAEAAAAh9ABH' AND ORA_ROWSCN = '815123'
UPDATE "PRUEBAINDIVIDUAL"."RESPUESTA" SET NOMBRE_ALUMNO = 'Sebastian Gallardo' WHERE ROWID = 'AAAFBUAAEAAAAh9ABI' AND ORA_ROWSCN = '815123'
UPDATE "PRUEBAINDIVIDUAL"."RESPUESTA" SET NOMBRE_ALUMNO = 'Sebastian Gallardo' WHERE ROWID = 'AAAFBUAAEAAAAh9ABJ' AND ORA_ROWSCN = '815123'
UPDATE "PRUEBAINDIVIDUAL"."RESPUESTA" SET NOMBRE_ALUMNO = 'Sebastian Gallardo' WHERE ROWID = 'AAAFBUAAEAAAAh9ABK' AND ORA_ROWSCN = '815123'
UPDATE "PRUEBAINDIVIDUAL"."RESPUESTA" SET NOMBRE_ALUMNO = 'Sebastian Gallardo' WHERE ROWID = 'AAAFBUAAEAAAAh9ABL' AND ORA_ROWSCN = '815123'
UPDATE "PRUEBAINDIVIDUAL"."RESPUESTA" SET NOMBRE_ALUMNO = 'Sebastian Gallardo' WHERE ROWID = 'AAAFBUAAEAAAAh9ABM' AND ORA_ROWSCN = '815123'
UPDATE "PRUEBAINDIVIDUAL"."RESPUESTA" SET NOMBRE_ALUMNO = 'Sebastian Gallardo' WHERE ROWID = 'AAAFBUAAEAAAAh9ABN' AND ORA_ROWSCN = '815123'
UPDATE "PRUEBAINDIVIDUAL"."RESPUESTA" SET NOMBRE_ALUMNO = 'Sebastian Gallardo' WHERE ROWID = 'AAAFBUAAEAAAAh9ABO' AND ORA_ROWSCN = '815123'
UPDATE "PRUEBAINDIVIDUAL"."RESPUESTA" SET NOMBRE_ALUMNO = 'Sebastian Gallardo' WHERE ROWID = 'AAAFBUAAEAAAAh9ABP' AND ORA_ROWSCN = '815123'
UPDATE "PRUEBAINDIVIDUAL"."RESPUESTA" SET NOMBRE_ALUMNO = 'Sebastian Gallardo' WHERE ROWID = 'AAAFBUAAEAAAAh9ABQ' AND ORA_ROWSCN = '815123'
UPDATE "PRUEBAINDIVIDUAL"."RESPUESTA" SET NOMBRE_ALUMNO = 'Sebastian Gallardo' WHERE ROWID = 'AAAFBUAAEAAAAh9ABR' AND ORA_ROWSCN = '815123'
UPDATE "PRUEBAINDIVIDUAL"."RESPUESTA" SET NOMBRE_ALUMNO = 'Sebastian Gallardo' WHERE ROWID = 'AAAFBUAAEAAAAh9ABS' AND ORA_ROWSCN = '815123'
UPDATE "PRUEBAINDIVIDUAL"."RESPUESTA" SET NOMBRE_ALUMNO = 'Sebastian Gallardo' WHERE ROWID = 'AAAFBUAAEAAAAh9ABT' AND ORA_ROWSCN = '815123'
UPDATE "PRUEBAINDIVIDUAL"."RESPUESTA" SET NOMBRE_ALUMNO = 'Nicole Hernandez' WHERE ROWID = 'AAAFBUAAEAAAAh9ABU' AND ORA_ROWSCN = '815123'
UPDATE "PRUEBAINDIVIDUAL"."RESPUESTA" SET NOMBRE_ALUMNO = 'Nicole Hernandez' WHERE ROWID = 'AAAFBUAAEAAAAh9ABV' AND ORA_ROWSCN = '815123'
UPDATE "PRUEBAINDIVIDUAL"."RESPUESTA" SET NOMBRE_ALUMNO = 'Nicole Hernandez' WHERE ROWID = 'AAAFBUAAEAAAAh9ABW' AND ORA_ROWSCN = '815123'
UPDATE "PRUEBAINDIVIDUAL"."RESPUESTA" SET NOMBRE_ALUMNO = 'Nicole Hernandez' WHERE ROWID = 'AAAFBUAAEAAAAh9ABX' AND ORA_ROWSCN = '815123'
UPDATE "PRUEBAINDIVIDUAL"."RESPUESTA" SET NOMBRE_ALUMNO = 'Nicole Hernandez' WHERE ROWID = 'AAAFBUAAEAAAAh9ABY' AND ORA_ROWSCN = '815123'
UPDATE "PRUEBAINDIVIDUAL"."RESPUESTA" SET NOMBRE_ALUMNO = 'Nicole Hernandez' WHERE ROWID = 'AAAFBUAAEAAAAh9ABZ' AND ORA_ROWSCN = '815123'
UPDATE "PRUEBAINDIVIDUAL"."RESPUESTA" SET NOMBRE_ALUMNO = 'Nicole Hernandez' WHERE ROWID = 'AAAFBUAAEAAAAh9ABa' AND ORA_ROWSCN = '815123'
UPDATE "PRUEBAINDIVIDUAL"."RESPUESTA" SET NOMBRE_ALUMNO = 'Nicole Hernandez' WHERE ROWID = 'AAAFBUAAEAAAAh9ABb' AND ORA_ROWSCN = '815123'
UPDATE "PRUEBAINDIVIDUAL"."RESPUESTA" SET NOMBRE_ALUMNO = 'Nicole Hernandez' WHERE ROWID = 'AAAFBUAAEAAAAh9ABc' AND ORA_ROWSCN = '815123'
UPDATE "PRUEBAINDIVIDUAL"."RESPUESTA" SET NOMBRE_ALUMNO = 'Nicole Hernandez' WHERE ROWID = 'AAAFBUAAEAAAAh9ABd' AND ORA_ROWSCN = '815123'
UPDATE "PRUEBAINDIVIDUAL"."RESPUESTA" SET NOMBRE_ALUMNO = 'Nicole Hernandez' WHERE ROWID = 'AAAFBUAAEAAAAh9ABe' AND ORA_ROWSCN = '815123'
UPDATE "PRUEBAINDIVIDUAL"."RESPUESTA" SET NOMBRE_ALUMNO = 'Nicole Hernandez' WHERE ROWID = 'AAAFBUAAEAAAAh9ABf' AND ORA_ROWSCN = '815123'
UPDATE "PRUEBAINDIVIDUAL"."RESPUESTA" SET NOMBRE_ALUMNO = 'Nicole Hernandez' WHERE ROWID = 'AAAFBUAAEAAAAh9ABg' AND ORA_ROWSCN = '815123'
UPDATE "PRUEBAINDIVIDUAL"."RESPUESTA" SET ID_ALUMNO = '10', NOMBRE_ALUMNO = 'Nicole Hernandez' WHERE ROWID = 'AAAFBUAAEAAAAh9ABh' AND ORA_ROWSCN = '815123'

Confirmación Correcta

INSERT INTO "PRUEBAINDIVIDUAL"."NOTA" (ID_NOTA, PUNTAJE_TOTAL, NOTA, ID_ALUMNO, ID_TEST, ID_CURSO, NOMBRE_ALUMNO) VALUES ('1', '75', '7,0', '1', '1', '1', 'Rene Perez')

Confirmación Correcta

UPDATE "PRUEBAINDIVIDUAL"."NOTA" SET PROGRAMA = 'Desarrollador Full Stack Java' WHERE ROWID = 'AAAFBPAAEAAAAhTAAA' AND ORA_ROWSCN = '817622'

Confirmación Correcta

UPDATE "PRUEBAINDIVIDUAL"."NOTA" SET PUNTAJE_TOTAL = '50', NOTA = '5,0' WHERE ROWID = 'AAAFBPAAEAAAAhTAAA' AND ORA_ROWSCN = '817879'
INSERT INTO "PRUEBAINDIVIDUAL"."NOTA" (ID_NOTA, PUNTAJE_TOTAL, NOTA, PROGRAMA, NOMBRE_ALUMNO) VALUES ('2', '75', '7,0', 'Desarrollador Full Stack Java', 'Elizabeth Valdebenito')
INSERT INTO "PRUEBAINDIVIDUAL"."NOTA" (ID_NOTA, PUNTAJE_TOTAL, NOTA, PROGRAMA, NOMBRE_ALUMNO) VALUES ('3', '35', '3,8', 'Desarrollador Full Stack Java', 'Melissa Vergara')
INSERT INTO "PRUEBAINDIVIDUAL"."NOTA" (ID_NOTA, PUNTAJE_TOTAL, NOTA, PROGRAMA, NOMBRE_ALUMNO) VALUES ('4', '60', '5,8', 'Desarrollador Full Stack Java', 'Christian Paredes')
INSERT INTO "PRUEBAINDIVIDUAL"."NOTA" (ID_NOTA, PUNTAJE_TOTAL, NOTA, PROGRAMA, NOMBRE_ALUMNO) VALUES ('5', '40', '4,2', 'Desarrollador Full Stack Java', 'Fabian Mendez')

Confirmación Correcta

UPDATE "PRUEBAINDIVIDUAL"."NOTA" SET NOTA = '5,0' WHERE ROWID = 'AAAFBPAAEAAAAhTAAA' AND ORA_ROWSCN = '817915'
UPDATE "PRUEBAINDIVIDUAL"."NOTA" SET NOTA = '7,0' WHERE ROWID = 'AAAFBPAAEAAAAhTAAB' AND ORA_ROWSCN = '817915'
UPDATE "PRUEBAINDIVIDUAL"."NOTA" SET NOTA = '3,8' WHERE ROWID = 'AAAFBPAAEAAAAhTAAC' AND ORA_ROWSCN = '817915'
UPDATE "PRUEBAINDIVIDUAL"."NOTA" SET NOTA = '5,8' WHERE ROWID = 'AAAFBPAAEAAAAhTAAD' AND ORA_ROWSCN = '817915'
UPDATE "PRUEBAINDIVIDUAL"."NOTA" SET NOTA = '4,2' WHERE ROWID = 'AAAFBPAAEAAAAhTAAE' AND ORA_ROWSCN = '817915'
INSERT INTO "PRUEBAINDIVIDUAL"."NOTA" (ID_NOTA, PUNTAJE_TOTAL, NOTA, PROGRAMA, NOMBRE_ALUMNO) VALUES ('6', '25', '3,0', 'Desarrollador Full Stack Java', 'Camilo Andrade')
INSERT INTO "PRUEBAINDIVIDUAL"."NOTA" (ID_NOTA, PUNTAJE_TOTAL, NOTA, PROGRAMA, NOMBRE_ALUMNO) VALUES ('7', '45', '4,6', 'Desarrollador Full Stack Java', 'Carla Matos')
INSERT INTO "PRUEBAINDIVIDUAL"."NOTA" (ID_NOTA, PUNTAJE_TOTAL, NOTA, PROGRAMA, NOMBRE_ALUMNO) VALUES ('8', '65', '6,2', 'Desarrollador Full Stack Java', 'Ariel ABarca')
INSERT INTO "PRUEBAINDIVIDUAL"."NOTA" (ID_NOTA, PUNTAJE_TOTAL, NOTA, PROGRAMA, NOMBRE_ALUMNO) VALUES ('9', '25', '3,0', 'Desarrollador Full Stack Java', 'Angelica Poblete')
INSERT INTO "PRUEBAINDIVIDUAL"."NOTA" (ID_NOTA, PUNTAJE_TOTAL, NOTA, PROGRAMA, NOMBRE_ALUMNO) VALUES ('10', '20', '2,6', 'Desarrollador Full Stack Java', 'Carlos Valdivia')

Confirmación Correcta

INSERT INTO "PRUEBAINDIVIDUAL"."NOTA" (ID_NOTA, PUNTAJE_TOTAL, NOTA, PROGRAMA, NOMBRE_ALUMNO) VALUES ('11', '75', '7,0', 'Desarrollador Aplicaciones Android', 'Andrea Salas')
INSERT INTO "PRUEBAINDIVIDUAL"."NOTA" (ID_NOTA, PUNTAJE_TOTAL, NOTA, PROGRAMA, NOMBRE_ALUMNO) VALUES ('12', '55', '5,4', 'Desarrollador Aplicaciones Android', 'Fabian Aravena')
INSERT INTO "PRUEBAINDIVIDUAL"."NOTA" (ID_NOTA, PUNTAJE_TOTAL, NOTA, PROGRAMA, NOMBRE_ALUMNO) VALUES ('13', '50', '5,0', 'Desarrollador Aplicaciones Android', 'Mario Vidal')
INSERT INTO "PRUEBAINDIVIDUAL"."NOTA" (ID_NOTA, PUNTAJE_TOTAL, NOTA, PROGRAMA, NOMBRE_ALUMNO) VALUES ('14', '65', '6,2', 'Desarrollador Aplicaciones Android', 'Claudia Rodriguez')
INSERT INTO "PRUEBAINDIVIDUAL"."NOTA" (ID_NOTA, PUNTAJE_TOTAL, NOTA, PROGRAMA, NOMBRE_ALUMNO) VALUES ('15', '45', '4,6', 'Desarrollador Aplicaciones Android', 'Carolina Poblete')
INSERT INTO "PRUEBAINDIVIDUAL"."NOTA" (ID_NOTA, PUNTAJE_TOTAL, NOTA, PROGRAMA, NOMBRE_ALUMNO) VALUES ('16', '35', '3,8', 'Desarrollador Aplicaciones Android', 'Marco Carmona')
INSERT INTO "PRUEBAINDIVIDUAL"."NOTA" (ID_NOTA, PUNTAJE_TOTAL, NOTA, PROGRAMA, NOMBRE_ALUMNO) VALUES ('17', '30', '3,4', 'Desarrollador Aplicaciones Android', 'Juan Bravo')
INSERT INTO "PRUEBAINDIVIDUAL"."NOTA" (ID_NOTA, PUNTAJE_TOTAL, NOTA, PROGRAMA, NOMBRE_ALUMNO) VALUES ('18', '25', '3,0', 'Desarrollador Aplicaciones Android', 'Catalina Lopez')
INSERT INTO "PRUEBAINDIVIDUAL"."NOTA" (ID_NOTA, PUNTAJE_TOTAL, NOTA, PROGRAMA, NOMBRE_ALUMNO) VALUES ('19', '70', '6,6', 'Desarrollador Aplicaciones Android', 'Sebastian Gallardo')
INSERT INTO "PRUEBAINDIVIDUAL"."NOTA" (ID_NOTA, PUNTAJE_TOTAL, NOTA, PROGRAMA, NOMBRE_ALUMNO) VALUES ('20', '15', '2,2', 'Desarrollador Aplicaciones Android', 'Nicole Hernandez')
